Data,Value
2001-01-01,720740
2000-01-02,715059
2000-01-03,713640
2000-01-04,714586
2000-01-05,712221
2000-01-06,714586
2000-01-07,714113
2000-01-08,716479
2000-01-09,718372
2000-01-10,717426
2000-01-11,721687
2000-01-12,718846
2000-01-13,719793
2000-01-14,719793
2000-01-15,722161
2000-01-16,724530
2000-01-17,49946
2000-01-18,723582
2000-01-19,725952
2000-01-20,726900
2000-01-21,725952
2000-01-22,725952
2000-01-23,729270
2000-01-24,729270
2000-01-25,728322
2000-01-26,728796
2000-01-27,724056
2000-01-28,726900
2000-01-29,726900
2000-01-30,726900
2000-01-31,725004
2000-02-01,725478
2000-02-02,728322
2000-02-03,731167
2000-02-04,731167
2000-02-05,730693
2000-02-06,736387
2000-02-07,737811
2000-02-08,738760
2000-02-09,735912
2000-02-10,738760
2000-02-11,744936
2000-02-12,747788
2000-02-13,751592
2000-02-14,750641
2000-02-15,753495
2000-02-16,753971
2000-02-17,52715
2000-02-18,761588
2000-02-19,759683
2000-02-20,766353
2000-02-21,771598
2000-02-22,791179
2000-02-23,792614
2000-02-24,790701
2000-02-25,787354
2000-02-26,793092
2000-02-27,797877
2000-02-28,802186
2000-02-29,802186
2000-03-01,56553
2000-03-02,818965
2000-03-03,828569
2000-03-04,833376
2000-03-05,830011
2000-03-06,834337
2000-03-07,58309
2000-03-08,839628
2000-03-09,823285
2000-03-10,55502
2000-03-11,792614
2000-03-12,792614
2000-03-13,790223
2000-03-14,801228
2000-03-15,54455
2000-03-16,783054
2000-03-17,781621
2000-03-18,779233
2000-03-19,785443
2000-03-20,766829
2000-03-21,53062
2000-03-22,762064
2000-03-23,754922
2000-03-24,754447
2000-03-25,2915
2000-03-26,756826
2000-03-27,767306
2000-03-28,753971
2000-03-29,752543
2000-03-30,749214
2000-03-31,752543
2000-04-01,761588
2000-04-02,751592
2000-04-03,753019
2000-04-04,750641
2000-04-05,751592
2000-04-06,753019
2000-04-07,757302
2000-04-08,757302
2000-04-09,750165
2000-04-10,52021
2000-04-11,745886
2000-04-12,737811
2000-04-13,742560
2000-04-14,745886
2000-04-15,745886
2000-04-16,747788
2000-04-17,743985
2000-04-18,743510
2000-04-19,743985
2000-04-20,742560
2000-04-21,737811
2000-04-22,737811
2000-04-23,739710
2000-04-24,738285
2000-04-25,734488
2000-04-26,740660
2000-04-27,738285
2000-04-28,738760
2000-04-29,740185
2000-04-30,740660
2000-05-01,740185
2000-05-02,51328
2000-05-03,741135
2000-05-04,739235
2000-05-05,738760
2000-05-06,738760
2000-05-07,737811
2000-05-08,736387
2000-05-09,734963
2000-05-10,726900
2000-05-11,50291
2000-05-12,727848
2000-05-13,726426
2000-05-14,726900
2000-05-15,729270
2000-05-16,731167
2000-05-17,729270
2000-05-18,725478
2000-05-19,730693
2000-05-20,728322
2000-05-21,726900
2000-05-22,50291
2000-05-23,725004
2000-05-24,726900
2000-05-25,724530
2000-05-26,736387
2000-05-27,744936
2000-05-28,746837
2000-05-29,752543
2000-05-30,748738
2000-05-31,744460
2000-06-01,741135
2000-06-02,747312
2000-06-03,747788
2000-06-04,747788
2000-06-05,51674
2000-06-06,747312
2000-06-07,749214
2000-06-08,749690
2000-06-09,754922
2000-06-10,2915
2000-06-11,754447
2000-06-12,753971
2000-06-13,759207
2000-06-14,758254
2000-06-15,756826
2000-06-16,2915
2000-06-17,749690
2000-06-18,752068
2000-06-19,745411
2000-06-20,744460
2000-06-21,744936
2000-06-22,747312
2000-06-23,744936
2000-06-24,51674
2000-06-25,745886
2000-06-26,745411
2000-06-27,51674
2000-06-28,747788
2000-06-29,748263
2000-06-30,746837
2000-07-01,752068
2000-07-02,753019
2000-07-03,759207
2000-07-04,761588
2000-07-05,753495
2000-07-06,754922
2000-07-07,756826
2000-07-08,762541
2000-07-09,762064
2000-07-10,760159
2000-07-11,761588
2000-07-12,761112
2000-07-13,755398
2000-07-14,758254
2000-07-15,757778
2000-07-16,758254
2000-07-17,757778
2000-07-18,763970
2000-07-19,768260
2000-07-20,769213
2000-07-21,776846
2000-07-22,786876
2000-07-23,785443
2000-07-24,786398
2000-07-25,785920
2000-07-26,787832
2000-07-27,793570
2000-07-28,800749
2000-07-29,796441
2000-07-30,802665
2000-07-31,806497
2000-08-01,811290
2000-08-02,824246
2000-08-03,825687
2000-08-04,831453
2000-08-05,804581
2000-08-06,804102
2000-08-07,800270
2000-08-08,806018
2000-08-09,818485
2000-08-10,812728
2000-08-11,805060
2000-08-12,810811
2000-08-13,811769
2000-08-14,811769
2000-08-15,808893
2000-08-16,813688
2000-08-17,816566
2000-08-18,823285
2000-08-19,826647
2000-08-20,57255
2000-08-21,824726
2000-08-22,832895
2000-08-23,833856
2000-08-24,843478
2000-08-25,855039
2000-08-26,860826
2000-08-27,855039
2000-08-28,59014
2000-08-29,860826
2000-08-30,841553
2000-08-31,848293
2000-09-01,839147
2000-09-02,830972
2000-09-03,829050
2000-09-04,824246
2000-09-05,824246
2000-09-06,830011
2000-09-07,828569
2000-09-08,839147
2000-09-09,839628
2000-09-10,822325
2000-09-11,820405
2000-09-12,826647
2000-09-13,833856
2000-09-14,841553
2000-09-15,844441
2000-09-16,852148
2000-09-17,848293
2000-09-18,852148
2000-09-19,855039
2000-09-20,856004
2000-09-21,78
2000-09-22,848775
2000-09-23,863721
2000-09-24,868548
2000-09-25,876760
2000-09-26,885947
2000-09-27,892723
2000-09-28,897082
2000-09-29,915510
2000-09-30,910171
2000-10-01,916966
2000-10-02,906776
2000-10-03,922308
2000-10-04,919880
2000-10-05,918423
2000-10-06,923280
2000-10-07,64690
2000-10-08,67195
2000-10-09,946631
2000-10-10,942735
2000-10-11,915510
2000-10-12,898051
2000-10-13,905806
2000-10-14,907746
2000-10-15,903382
2000-10-16,907746
2000-10-17,915024
2000-10-18,925224
2000-10-19,925710
2000-10-20,918423
2000-10-21,918908
2000-10-22,917452
2000-10-23,904352
2000-10-24,903867
2000-10-25,907746
2000-10-26,906291
2000-10-27,63265
2000-10-28,896113
2000-10-29,894176
2000-10-30,878693
2000-10-31,61134
2000-11-01,884496
2000-11-02,893692
2000-11-03,891271
2000-11-04,893208
2000-11-05,906291
2000-11-06,912112
2000-11-07,899020
2000-11-08,905321
2000-11-09,899020
2000-11-10,905806
2000-11-11,913083
2000-11-12,927654
2000-11-13,909201
2000-11-14,915995
2000-11-15,921337
2000-11-16,925710
2000-11-17,934948
2000-11-18,932030
2000-11-19,938354
2000-11-20,942735
2000-11-21,66120
2000-11-22,941274
2000-11-23,939814
2000-11-24,930571
2000-11-25,936408
2000-11-26,937867
2000-11-27,939814
2000-11-28,942248
2000-11-29,954915
2000-11-30,953940
2000-12-01,950041
2000-12-02,970529
2000-12-03,980789
2000-12-04,976879
2000-12-05,985190
2000-12-06,975414
2000-12-07,989593
2000-12-08,995466
2000-12-09,995466
2000-12-10,1002813
2000-12-11,1001833
2000-12-12,999873
2000-12-13,1001833
2000-12-14,996445
2000-12-15,1008694
2000-12-16,1005263
2000-12-17,1014088
2000-12-18,1019976
2000-12-19,1009674
2000-12-20,71156
2000-12-21,1014579
2000-12-22,1032253
2000-12-23,1027340
2000-12-24,1053405
2000-12-25,1051928
2000-12-26,1048974
2000-12-27,1047990
2000-12-28,1032745
2000-12-29,1048974
2000-12-30,1044053
2000-12-31,1019976
2001-01-01,1020957
2001-01-02,1021448
2001-01-03,1032745
2001-01-04,1035693
2001-01-05,1028323
2001-01-06,1024885
2001-01-07,72603
2001-01-08,1043069
2001-01-09,1040610
2001-01-10,1043069
2001-01-11,1043561
2001-01-12,1052912
2001-01-13,1052420
2001-01-14,1054390
2001-01-15,1070653
2001-01-16,1068187
2001-01-17,1083978
2001-01-18,1079040
2001-01-19,1065722
2001-01-20,1057837
2001-01-21,1070160
2001-01-22,1050451
2001-01-23,1051928
2001-01-24,1059808
2001-01-25,1069666
2001-01-26,76239
2001-01-27,1066708
2001-01-28,1069173
2001-01-29,1065229
2001-01-30,1064243
2001-01-31,1066708
2001-02-01,1075092
2001-02-02,1074599
2001-02-03,1081509
2001-02-04,1109191
2001-02-05,1113152
2001-02-06,77699
2001-02-07,1106717
2001-02-08,1111667
2001-02-09,1130991
2001-02-10,1125041
2001-02-11,1095341
2001-02-12,1104243
2001-02-13,1109191
2001-02-14,1094353
2001-02-15,1094847
2001-02-16,1094847
2001-02-17,1081509
2001-02-18,1070653
2001-02-19,1082990
2001-02-20,1097813
2001-02-21,1078547
2001-02-22,1083978
2001-02-23,1071639
2001-02-24,1070160
2001-02-25,1074106
2001-02-26,75145
2001-02-27,1059315
2001-02-28,1051928
2001-03-01,1064736
2001-03-02,74782
2001-03-03,1046021
2001-03-04,1047005
2001-03-05,1034710
2001-03-06,1016050
2001-03-07,1000853
2001-03-08,69352
2001-03-09,68992
2001-03-10,67554
2001-03-11,988614
2001-03-12,4040
2001-03-13,1005753
2001-03-14,1008694
2001-03-15,71517
2001-03-16,1002813
2001-03-17,1009674
2001-03-18,1008694
2001-03-19,994487
2001-03-20,960767
2001-03-21,974436
2001-03-22,957841
2001-03-23,951503
2001-03-24,944196
2001-03-25,959304
2001-03-26,959792
2001-03-27,67554
2001-03-28,967111
2001-03-29,964671
2001-03-30,966623
2001-03-31,984212
2001-04-01,988614
2001-04-02,985190
2001-04-03,70433
2001-04-04,1000363
2001-04-05,993018
2001-04-06,68992
2001-04-07,970041
2001-04-08,959792
2001-04-09,954428
2001-04-10,960767
2001-04-11,959304
2001-04-12,951503
2001-04-13,962719
2001-04-14,954428
2001-04-15,959304
2001-04-16,968576
2001-04-17,973948
2001-04-18,966135
2001-04-19,970041
2001-04-20,977368
2001-04-21,974436
2001-04-22,67554
2001-04-23,964183
2001-04-24,956378
2001-04-25,955403
2001-04-26,960280
2001-04-27,957353
2001-04-28,964183
2001-04-29,961743
2001-04-30,968576
2001-05-01,972483
2001-05-02,968576
2001-05-03,974925
2001-05-04,978345
2001-05-05,989104
2001-05-06,981767
2001-05-07,986657
2001-05-08,986168
2001-05-09,993508
2001-05-10,989593
2001-05-11,984212
2001-05-12,985190
2001-05-13,981767
2001-05-14,68992
2001-05-15,983723
2001-05-16,973459
2001-05-17,967111
2001-05-18,968576
2001-05-19,978834
2001-05-20,971017
2001-05-21,978345
2001-05-22,977368
2001-05-23,989593
2001-05-24,991061
2001-05-25,993997
2001-05-26,1000363
2001-05-27,1003303
2001-05-28,996445
2001-05-29,994977
2001-05-30,1001833
2001-05-31,995956
2001-06-01,1001833
2001-06-02,1016050
2001-06-03,1004283
2001-06-04,1008694
2001-06-05,1011145
2001-06-06,1005753
2001-06-07,71879
2001-06-08,1023412
2001-06-09,72241
2001-06-10,1018013
2001-06-11,1019485
2001-06-12,1025867
2001-06-13,1034219
2001-06-14,1030288
2001-06-15,1030288
2001-06-16,1044545
2001-06-17,1046021
2001-06-18,1029797
2001-06-19,1029305
2001-06-20,1022921
2001-06-21,1033236
2001-06-22,1030288
2001-06-23,72603
2001-06-24,1040610
2001-06-25,1040610
2001-06-26,1035202
2001-06-27,1032745
2001-06-28,1029305
2001-06-29,1018994
2001-06-30,1018504
2001-07-01,1030779
2001-07-02,1025867
2001-07-03,1032253
2001-07-04,72966
2001-07-05,1033727
2001-07-06,1035693
2001-07-07,1033236
2001-07-08,1034219
2001-07-09,1038643
2001-07-10,1042086
2001-07-11,1039135
2001-07-12,1040118
2001-07-13,1043561
2001-07-14,1044545
2001-07-15,1053897
2001-07-16,1050451
2001-07-17,1055374
2001-07-18,1047990
2001-07-19,1045529
2001-07-20,1050451
2001-07-21,1053405
2001-07-22,1053405
2001-07-23,1057837
2001-07-24,1057837
2001-07-25,74418
2001-07-26,1052420
2001-07-27,1055867
2001-07-28,1058822
2001-07-29,1057345
2001-07-30,74055
2001-07-31,1046021
2001-08-01,1044053
2001-08-02,1044545
2001-08-03,1040610
2001-08-04,1033727
2001-08-05,1031270
2001-08-06,1024885
2001-08-07,1016541
2001-08-08,1012617
2001-08-09,1016541
2001-08-10,1019485
2001-08-11,1007713
2001-08-12,70433
2001-08-13,69712
2001-08-14,990571
2001-08-15,988614
2001-08-16,989104
2001-08-17,993997
2001-08-18,1000853
2001-08-19,999873
2001-08-20,1005753
2001-08-21,1006733
2001-08-22,1005753
2001-08-23,1000363
2001-08-24,997914
2001-08-25,1004773
2001-08-26,1011636
2001-08-27,1019976
2001-08-28,1020957
2001-08-29,1034710
2001-08-30,1031270
2001-08-31,1028323
2001-09-01,1029305
2001-09-02,1037660
2001-09-03,1047005
2001-09-04,1053897
2001-09-05,1052912
2001-09-06,1044053
2001-09-07,1057345
2001-09-08,74418
2001-09-09,1063257
2001-09-10,1069173
2001-09-11,1076573
2001-09-12,1084965
2001-09-13,1073119
2001-09-14,1084471
2001-09-15,1082990
2001-09-16,1089411
2001-09-17,1092376
2001-09-18,1077560
2001-09-19,75874
2001-09-20,76239
2001-09-21,1084471
2001-09-22,76968
2001-09-23,1101275
2001-09-24,1102759
2001-09-25,1092870
2001-09-26,1084965
2001-09-27,1094353
2001-09-28,1093858
2001-09-29,1092376
2001-09-30,1084471
2001-10-01,1082990
2001-10-02,1071639
2001-10-03,1061779
2001-10-04,1062764
2001-10-05,1044545
2001-10-06,1050943
2001-10-07,1060301
2001-10-08,75510
2001-10-09,75874
2001-10-10,1079040
2001-10-11,1063257
2001-10-12,1067201
2001-10-13,1088917
2001-10-14,1088917
2001-10-15,1094353
2001-10-16,1104738
2001-10-17,1103748
2001-10-18,1107212
2001-10-19,1104738
2001-10-20,77699
2001-10-21,78065
2001-10-22,1099297
2001-10-23,76603
2001-10-24,1088917
2001-10-25,1072626
2001-10-26,1073612
2001-10-27,1055374
2001-10-28,1060301
2001-10-29,1065722
2001-10-30,1081509
2001-10-31,1099297
2001-11-01,1094353
2001-11-02,1091387
2001-11-03,1082990
2001-11-04,1083978
2001-11-05,1082990
2001-11-06,1089905
2001-11-07,1086447
2001-11-08,1098308
2001-11-09,1105232
2001-11-10,1102264
2001-11-11,1103254
2001-11-12,1102264
2001-11-13,1096330
2001-11-14,1097319
2001-11-15,1098308
2001-11-16,1094353
2001-11-17,1100286
2001-11-18,1102759
2001-11-19,1116123
2001-11-20,1117114
2001-11-21,1109686
2001-11-22,1110181
2001-11-23,1108697
2001-11-24,1122563
2001-11-25,1121572
2001-11-26,1118104
2001-11-27,1107212
2001-11-28,1109191
2001-11-29,1090399
2001-11-30,1101275
2001-12-01,1104243
2001-12-02,1104243
2001-12-03,1103254
2001-12-04,1103748
2001-12-05,1108202
2001-12-06,78431
2001-12-07,1110181
2001-12-08,1123059
2001-12-09,1119591
2001-12-10,1117114
2001-12-11,1126033
2001-12-12,79530
2001-12-13,1122068
2001-12-14,1124546
2001-12-15,1133471
2001-12-16,1134959
2001-12-17,1143396
2001-12-18,1136448
2001-12-19,1133967
2001-12-20,1140914
2001-12-21,1138929
2001-12-22,1131487
2001-12-23,1132479
2001-12-24,1129999
2001-12-25,1117114
2001-12-26,1118600
2001-12-27,1120086
2001-12-28,1109191
2001-12-29,1099297
2001-12-30,1088423
2001-12-31,1078547
2002-01-01,1079534
2002-01-02,1070160
2002-01-03,1059315
2002-01-04,1060793
2002-01-05,1058822
2002-01-06,1063257
2002-01-07,1075586
2002-01-08,1072626
2002-01-09,1084965
2002-01-10,1065722
2002-01-11,1071639
2002-01-12,1054882
2002-01-13,1056852
2002-01-14,1055374
2002-01-15,1049958
2002-01-16,1048974
2002-01-17,1044545
2002-01-18,73328
2002-01-19,1037660
2002-01-20,1032253
2002-01-21,1033236
2002-01-22,1037660
2002-01-23,1035693
2002-01-24,1033727
2002-01-25,1029797
2002-01-26,1021448
2002-01-27,71879
2002-01-28,1016050
2002-01-29,1013107
2002-01-30,1019485
2002-01-31,1027340
2002-02-01,1018013
2002-02-02,1024394
2002-02-03,1025867
2002-02-04,1043069
2002-02-05,1053405
2002-02-06,1057837
2002-02-07,1067201
2002-02-08,1078547
2002-02-09,1057345
2002-02-10,1059315
2002-02-11,1059808
2002-02-12,1062272
2002-02-13,1078547
2002-02-14,1078053
2002-02-15,1093364
2002-02-16,1079040
2002-02-17,1083978
2002-02-18,1071639
2002-02-19,1067694
2002-02-20,1061779
2002-02-21,1051928
2002-02-22,1049466
2002-02-23,1052912
2002-02-24,74055
2002-02-25,1040610
2002-02-26,1045037
2002-02-27,1045037
2002-02-28,74055
2002-03-01,1055374
2002-03-02,1050943
2002-03-03,1053897
2002-03-04,1063257
2002-03-05,1067694
2002-03-06,1062272
2002-03-07,1058822
2002-03-08,1047990
2002-03-09,1041102
2002-03-10,1049466
2002-03-11,1049958
2002-03-12,1043561
2002-03-13,1046021
2002-03-14,1038643
2002-03-15,1040610
2002-03-16,1037168
2002-03-17,1040610
2002-03-18,1044545
2002-03-19,1054882
2002-03-20,1055374
2002-03-21,1058822
2002-03-22,1057345
2002-03-23,1054882
2002-03-24,1063257
2002-03-25,1061779
2002-03-26,1060301
2002-03-27,1061779
2002-03-28,1059808
2002-03-29,1055867
2002-03-30,1055374
2002-03-31,1052912
2002-04-01,1054882
2002-04-02,1059808
2002-04-03,1057837
2002-04-04,1058822
2002-04-05,1067201
2002-04-06,1067694
2002-04-07,1064736
2002-04-08,1075586
2002-04-09,75510
2002-04-10,1076573
2002-04-11,1074106
2002-04-12,1069666
2002-04-13,1068680
2002-04-14,1071639
2002-04-15,1070653
2002-04-16,1078053
2002-04-17,1079534
2002-04-18,1077066
2002-04-19,1075092
2002-04-20,1069666
2002-04-21,1068187
2002-04-22,1067201
2002-04-23,1063750
2002-04-24,1068187
2002-04-25,1064736
2002-04-26,1066708
2002-04-27,1067694
2002-04-28,1077066
2002-04-29,1077066
2002-04-30,1078547
2002-05-01,1085459
2002-05-02,1084965
2002-05-03,1088423
2002-05-04,1092870
2002-05-05,76968
2002-05-06,1093364
2002-05-07,1103254
2002-05-08,1108202
2002-05-09,1119591
2002-05-10,1116123
2002-05-11,1117114
2002-05-12,1128016
2002-05-13,1129999
2002-05-14,1129503
2002-05-15,1128016
2002-05-16,1123555
2002-05-17,1122563
2002-05-18,1128016
2002-05-19,1129503
2002-05-20,1123555
2002-05-21,1125041
2002-05-22,1118600
2002-05-23,79163
2002-05-24,1106717
2002-05-25,1107707
2002-05-26,1108697
2002-05-27,1112162
2002-05-28,78797
2002-05-29,1117609
2002-05-30,1116123
2002-05-31,1116123
2002-06-01,1129999
2002-06-02,1129503
2002-06-03,1133967
2002-06-04,1134463
2002-06-05,1138432
2002-06-06,1139425
2002-06-07,1137936
2002-06-08,1134463
2002-06-09,1144886
2002-06-10,1143892
2002-06-11,1141410
2002-06-12,1133967
2002-06-13,1136448
2002-06-14,1141410
2002-06-15,1148858
2002-06-16,1150845
2002-06-17,1157803
2002-06-18,1159791
2002-06-19,1169739
2002-06-20,1184677
2002-06-21,1175712
2002-06-22,1175712
2002-06-23,83576
2002-06-24,1186171
2002-06-25,1193149
2002-06-26,84315
2002-06-27,1207617
2002-06-28,1212610
2002-06-29,1207118
2002-06-30,1200631
2002-07-01,1176210
2002-07-02,1165759
2002-07-03,1162775
2002-07-04,1173223
2002-07-05,1162775
2002-07-06,1159791
2002-07-07,1163272
2002-07-08,82470
2002-07-09,1176707
2002-07-10,83945
2002-07-11,1189161
2002-07-12,1193648
2002-07-13,1193149
2002-07-14,1193149
2002-07-15,1185673
2002-07-16,1189161
2002-07-17,1183680
2002-07-18,1181687
2002-07-19,1175712
2002-07-20,83945
2002-07-21,1188663
2002-07-22,83945
2002-07-23,1178699
2002-07-24,1174218
2002-07-25,1179695
2002-07-26,1178699
2002-07-27,1186670
2002-07-28,1171730
2002-07-29,1168246
2002-07-30,1170734
2002-07-31,1168246
2002-08-01,1165759
2002-08-02,1161283
2002-08-03,1156809
2002-08-04,1159294
2002-08-05,1143396
2002-08-06,1135951
2002-08-07,1129008
2002-08-08,1138929
2002-08-09,1152336
2002-08-10,1147865
2002-08-11,1154324
2002-08-12,1146872
2002-08-13,1137440
2002-08-14,1137936
2002-08-15,1139921
2002-08-16,1136944
2002-08-17,81366
2002-08-18,1147368
2002-08-19,1154324
2002-08-20,1154820
2002-08-21,1155814
2002-08-22,1161283
2002-08-23,1172725
2002-08-24,1167749
2002-08-25,1174716
2002-08-26,1180691
2002-08-27,83945
2002-08-28,1179197
2002-08-29,1174218
2002-08-30,1183182
2002-08-31,1184178
2002-09-01,1188663
2002-09-02,1194147
2002-09-03,1197638
2002-09-04,1195643
2002-09-05,1189660
2002-09-06,1196640
2002-09-07,1201130
2002-09-08,1201130
2002-09-09,1202626
2002-09-10,1194645
2002-09-11,1196141
2002-09-12,1201130
2002-09-13,1217105
2002-09-14,1212610
2002-09-15,1213110
2002-09-16,1212610
2002-09-17,1221103
2002-09-18,1221602
2002-09-19,1230601
2002-09-20,1228601
2002-09-21,1231102
2002-09-22,1233603
2002-09-23,1231102
2002-09-24,1229101
2002-09-25,1229601
2002-09-26,1229601
2002-09-27,1224601
2002-09-28,1223102
2002-09-29,1221103
2002-09-30,1209614
2002-10-01,1207617
2002-10-02,1225601
2002-10-03,1239106
2002-10-04,1244112
2002-10-05,1250622
2002-10-06,1259642
2002-10-07,1252125
2002-10-08,89880
2002-10-09,89880
2002-10-10,1249120
2002-10-11,1244112
2002-10-12,1249621
2002-10-13,1246616
2002-10-14,1241609
2002-10-15,1255633
2002-10-16,1251123
2002-10-17,1258139
2002-10-18,1256635
2002-10-19,1250622
2002-10-20,1255633
2002-10-21,1251123
2002-10-22,1253628
2002-10-23,1241108
2002-10-24,86906
2002-10-25,1213110
2002-10-26,1216606
2002-10-27,1228101
2002-10-28,1222102
2002-10-29,1214108
2002-10-30,1216106
2002-10-31,1206120
2002-11-01,1178699
2002-11-02,1182186
2002-11-03,1186670
2002-11-04,1199134
2002-11-05,1176707
2002-11-06,1176210
2002-11-07,1157803
2002-11-08,1163272
2002-11-09,1147368
2002-11-10,1144389
2002-11-11,1150845
2002-11-12,1138432
2002-11-13,80264
2002-11-14,1121572
2002-11-15,1123059
2002-11-16,1139425
2002-11-17,1136448
2002-11-18,1146872
2002-11-19,1131487
2002-11-20,1128512
2002-11-21,1137440
2002-11-22,1159294
2002-11-23,1159791
2002-11-24,1163769
2002-11-25,1168744
2002-11-26,1163272
2002-11-27,1159791
2002-11-28,4746
2002-11-29,1139921
2002-11-30,1141410
2002-12-01,1138432
2002-12-02,1142403
2002-12-03,1144389
2002-12-04,1156809
2002-12-05,1156311
2002-12-06,1160786
2002-12-07,1156809
2002-12-08,1160786
2002-12-09,1154820
2002-12-10,81366
2002-12-11,1154324
2002-12-12,1158300
2002-12-13,1162775
2002-12-14,1166256
2002-12-15,1168246
2002-12-16,83207
2002-12-17,1178201
2002-12-18,1176210
2002-12-19,1186670
2002-12-20,1185673
2002-12-21,1193648
2002-12-22,1197638
2002-12-23,1206120
2002-12-24,1209614
2002-12-25,1208616
2002-12-26,1197638
2002-12-27,1207118
2002-12-28,1231602
2002-12-29,1236104
2002-12-30,1229101
2002-12-31,1234603
2003-01-01,1232102
2003-01-02,1223102
2003-01-03,1216606
2003-01-04,1218105
2003-01-05,86906
2003-01-06,1233603
2003-01-07,1223102
2003-01-08,1216106
2003-01-09,1224601
2003-01-10,1216606
2003-01-11,1209115
2003-01-12,1211112
2003-01-13,1213110
2003-01-14,1211112
2003-01-15,1187666
2003-01-16,1178201
2003-01-17,1188165
2003-01-18,1184178
2003-01-19,1192651
2003-01-20,1194147
2003-01-21,1202626
2003-01-22,1207617
2003-01-23,1203125
2003-01-24,1205621
2003-01-25,1215607
2003-01-26,1223102
2003-01-27,1224601
2003-01-28,1234603
2003-01-29,1236604
2003-01-30,1236604
2003-01-31,1247116
2003-02-01,1238606
2003-02-02,1243611
2003-02-03,1237105
2003-02-04,1236104
2003-02-05,1241108
2003-02-06,1255633
2003-02-07,1259642
2003-02-08,1264656
2003-02-09,1265659
2003-02-10,1257136
2003-02-11,1265659
2003-02-12,1269672
2003-02-13,1261146
2003-02-14,1256134
2003-02-15,1269672
2003-02-16,1276697
2003-02-17,1267665
2003-02-18,90625
2003-02-19,1283727
2003-02-20,1279207
2003-02-21,1271177
2003-02-22,1268669
2003-02-23,1288248
2003-02-24,1292267
2003-02-25,1298299
2003-02-26,1304334
2003-02-27,1294278
2003-02-28,1275694
2003-03-01,1288248
2003-03-02,1302825
2003-03-03,1298299
2003-03-04,5471
2003-03-05,1294278
2003-03-06,1302825
2003-03-07,1289252
2003-03-08,1284731
2003-03-09,1273686
2003-03-10,1275694
2003-03-11,90998
2003-03-12,1287745
2003-03-13,91371
2003-03-14,1277701
2003-03-15,1282220
2003-03-16,1287243
2003-03-17,91371
2003-03-18,1283727
2003-03-19,1288750
2003-03-20,91745
2003-03-21,93240
2003-03-22,1322455
2003-03-23,1319434
2003-03-24,1339088
2003-03-25,1341610
2003-03-26,1349683
2003-03-27,1344637
2003-03-28,97368
2003-03-29,1362812
2003-03-30,1382529
2003-03-31,1393157
2003-04-01,1394170
2003-04-02,1410382
2003-04-03,1378482
2003-04-04,1359276
2003-04-05,1383541
2003-04-06,1366854
2003-04-07,1363317
2003-04-08,1382023
2003-04-09,1376965
2003-04-10,1366854
2003-04-11,1353721
2003-04-12,1359781
2003-04-13,97745
2003-04-14,1390120
2003-04-15,1385059
2003-04-16,1394170
2003-04-17,1405821
2003-04-18,1413931
2003-04-19,101141
2003-04-20,1406834
2003-04-21,1405821
2003-04-22,1382023
2003-04-23,1383035
2003-04-24,1366349
2003-04-25,1357256
2003-04-26,1351197
2003-04-27,1361802
2003-04-28,1382023
2003-04-29,1368371
2003-04-30,1361297
2003-05-01,1340097
2003-05-02,1319434
2003-05-03,93240
2003-05-04,1314902
2003-05-05,93615
2003-05-06,1319434
2003-05-07,1316916
2003-05-08,1332029
2003-05-09,1326486
2003-05-10,1332029
2003-05-11,1343123
2003-05-12,1350188
2003-05-13,1355236
2003-05-14,1361297
2003-05-15,1376965
2003-05-16,1373425
2003-05-17,1382023
2003-05-18,1385565
2003-05-19,100007
2003-05-20,1403794
2003-05-21,98121
2003-05-22,1385565
2003-05-23,1376965
2003-05-24,1389614
2003-05-25,1392651
2003-05-26,1389614
2003-05-27,1389614
2003-05-28,1398728
2003-05-29,1391639
2003-05-30,99252
2003-05-31,1389614
2003-06-01,5964
2003-06-02,100763
2003-06-03,1404300
2003-06-04,1408355
2003-06-05,1409368
2003-06-06,1422553
2003-06-07,1418495
2003-06-08,1424075
2003-06-09,1433211
2003-06-10,1428135
2003-06-11,1430673
2003-06-12,1435750
2003-06-13,1424075
2003-06-14,1428135
2003-06-15,1416973
2003-06-16,1424075
2003-06-17,1443369
2003-06-18,1439813
2003-06-19,103033
2003-06-20,1438289
2003-06-21,1438797
2003-06-22,1432196
2003-06-23,1437781
2003-06-24,1425598
2003-06-25,1429658
2003-06-26,1430165
2003-06-27,1435242
2003-06-28,102276
2003-06-29,1428135
2003-06-30,102655
2003-07-01,1454042
2003-07-02,1460145
2003-07-03,1458619
2003-07-04,1470321
2003-07-05,1476430
2003-07-06,1485598
2003-07-07,1498851
2003-07-08,106832
2003-07-09,1481014
2003-07-10,1505482
2003-07-11,1516710
2003-07-12,1527435
2003-07-13,1542769
2003-07-14,1576044
2003-07-15,1566822
2003-07-16,1515689
2003-07-17,1520284
2003-07-18,1525391
2003-07-19,1536633
2003-07-20,1565286
2003-07-21,1541235
2003-07-22,1547372
2003-07-23,1556582
2003-07-24,1517731
2003-07-25,1521305
2003-07-26,1526924
2003-07-27,1541746
2003-07-28,1537656
2003-07-29,1518752
2003-07-30,1486108
2003-07-31,1476430
2003-08-01,103792
2003-08-02,1461162
2003-08-03,1465741
2003-08-04,1451500
2003-08-05,1409875
2003-08-06,1411903
2003-08-07,1387589
2003-08-08,1405821
2003-08-09,1423568
2003-08-10,1407341
2003-08-11,1435750
2003-08-12,1434227
2003-08-13,1428643
2003-08-14,1416973
2003-08-15,1413931
2003-08-16,1383035
2003-08-17,98121
2003-08-18,1359276
2003-08-19,1359781
2003-08-20,1364328
2003-08-21,95114
2003-08-22,1335054
2003-08-23,96616
2003-08-24,98875
2003-08-25,1405821
2003-08-26,101519
2003-08-27,1412917
2003-08-28,100007
2003-08-29,1395183
2003-08-30,1421031
2003-08-31,1435750
2003-09-01,1456585
2003-09-02,1458110
2003-09-03,1430673
2003-09-04,1443877
2003-09-05,1402274
2003-09-06,1406834
2003-09-07,1382529
2003-09-08,1368371
2003-09-09,1384553
2003-09-10,99252
2003-09-11,1380000
2003-09-12,1363823
2003-09-13,1379494
2003-09-14,1385565
2003-09-15,1387589
2003-09-16,1393157
2003-09-17,1402780
2003-09-18,1385565
2003-09-19,1386577
2003-09-20,1375448
2003-09-21,1367360
2003-09-22,1373425
2003-09-23,1383035
2003-09-24,1374942
2003-09-25,98875
2003-09-26,1397208
2003-09-27,1390626
2003-09-28,99252
2003-09-29,5964
2003-09-30,1374942
2003-10-01,1376965
2003-10-02,96992
2003-10-03,96616
2003-10-04,1383541
2003-10-05,1377977
2003-10-06,98498
2003-10-07,1381517
2003-10-08,1367865
2003-10-09,98121
2003-10-10,1360286
2003-10-11,1366854
2003-10-12,1368876
2003-10-13,1362812
2003-10-14,1349178
2003-10-15,1337071
2003-10-16,94364
2003-10-17,1314399
2003-10-18,1304837
2003-10-19,1290760
2003-10-20,1284731
2003-10-21,1288248
2003-10-22,1263653
2003-10-23,1282220
2003-10-24,1289755
2003-10-25,1294278
2003-10-26,90252
2003-10-27,1289755
2003-10-28,1277199
2003-10-29,1276697
2003-10-30,1256635
2003-10-31,1253127
2003-11-01,5227
2003-11-02,1256635
2003-11-03,1257637
2003-11-04,1258139
2003-11-05,90252
2003-11-06,1268669
2003-11-07,1259642
2003-11-08,1261146
2003-11-09,1244112
2003-11-10,1238606
2003-11-11,1240608
2003-11-12,1227101
2003-11-13,1224102
2003-11-14,1227101
2003-11-15,1234603
2003-11-16,1228601
2003-11-17,1216606
2003-11-18,1221602
2003-11-19,1231602
2003-11-20,1241108
2003-11-21,1231102
2003-11-22,1234603
2003-11-23,1250622
2003-11-24,1272181
2003-11-25,1270675
2003-11-26,1276196
2003-11-27,1311378
2003-11-28,1317419
2003-11-29,1315909
2003-11-30,1325982
2003-12-01,1317419
2003-12-02,5471
2003-12-03,1286238
2003-12-04,1291262
2003-12-05,1298802
2003-12-06,1295786
2003-12-07,1269170
2003-12-08,1211112
2003-12-09,1203125
2003-12-10,83945
2003-12-11,1176210
2003-12-12,1184178
2003-12-13,1184677
2003-12-14,1171730
2003-12-15,1169739
2003-12-16,81734
2003-12-17,1162775
2003-12-18,1170734
2003-12-19,1168744
2003-12-20,1169241
2003-12-21,1173720
2003-12-22,1174218
2003-12-23,1176707
2003-12-24,1187666
2003-12-25,1169739
2003-12-26,1164267
2003-12-27,1164267
2003-12-28,1167749
2003-12-29,1164267
2003-12-30,1170734
2003-12-31,1172227
2004-01-01,1166754
2004-01-02,1156311
2004-01-03,1157306
2004-01-04,1154820
2004-01-05,1146375
2004-01-06,1144389
2004-01-07,1152336
2004-01-08,4746
2004-01-09,1159294
2004-01-10,1157306
2004-01-11,1157306
2004-01-12,1152833
2004-01-13,1153330
2004-01-14,1157306
2004-01-15,1152833
2004-01-16,1144886
2004-01-17,1151839
2004-01-18,1142403
2004-01-19,1134463
2004-01-20,1128512
2004-01-21,1121077
2004-01-22,1117114
2004-01-23,1102264
2004-01-24,1106717
2004-01-25,1112657
2004-01-26,78065
2004-01-27,1105232
2004-01-28,1108697
2004-01-29,1113152
2004-01-30,78797
2004-01-31,1117114
2004-02-01,1103254
2004-02-02,1106717
2004-02-03,1107707
2004-02-04,1101770
2004-02-05,1104738
2004-02-06,1104243
2004-02-07,1101770
2004-02-08,1098308
2004-02-09,1098802
2004-02-10,1098308
2004-02-11,1082496
2004-02-12,1078547
2004-02-13,1069666
2004-02-14,1065229
2004-02-15,1076573
2004-02-16,1070160
2004-02-17,1068680
2004-02-18,1074599
2004-02-19,1070160
2004-02-20,1074106
2004-02-21,1077560
2004-02-22,1080028
2004-02-23,1077560
2004-02-24,1080028
2004-02-25,1078547
2004-02-26,1075092
2004-02-27,1070653
2004-02-28,1073612
2004-02-29,1054882
2004-03-01,1046021
2004-03-02,1045529
2004-03-03,1041102
2004-03-04,1036185
2004-03-05,1040610
2004-03-06,1047005
2004-03-07,1053897
2004-03-08,1039627
2004-03-09,1042578
2004-03-10,74055
2004-03-11,1039627
2004-03-12,1034219
2004-03-13,1030779
2004-03-14,1021448
2004-03-15,1020467
2004-03-16,1018994
2004-03-17,1000853
2004-03-18,1001343
2004-03-19,1001833
2004-03-20,989104
2004-03-21,970529
2004-03-22,962231
2004-03-23,959304
2004-03-24,963695
2004-03-25,958816
2004-03-26,949067
2004-03-27,981278
2004-03-28,969552
2004-03-29,967111
2004-03-30,988125
2004-03-31,980789
2004-04-01,989593
2004-04-02,995466
2004-04-03,979323
2004-04-04,68272
2004-04-05,971994
2004-04-06,978834
2004-04-07,976391
2004-04-08,969064
2004-04-09,991550
2004-04-10,1016541
2004-04-11,71156
2004-04-12,1010655
2004-04-13,1014579
2004-04-14,1019485
2004-04-15,1018504
2004-04-16,1033727
2004-04-17,1043069
2004-04-18,1041102
2004-04-19,1045037
2004-04-20,1016541
2004-04-21,1018504
2004-04-22,1011145
2004-04-23,1000853
2004-04-24,1003793
2004-04-25,1004283
2004-04-26,68272
2004-04-27,957353
2004-04-28,957353
2004-04-29,951991
2004-04-30,950041
2004-05-01,946631
2004-05-02,949067
2004-05-03,936894
2004-05-04,931543
2004-05-05,936894
2004-05-06,931543
2004-05-07,951016
2004-05-08,955890
2004-05-09,942735
2004-05-10,952478
2004-05-11,947118
2004-05-12,65762
2004-05-13,937867
2004-05-14,935921
2004-05-15,947605
2004-05-16,941274
2004-05-17,947118
2004-05-18,953940
2004-05-19,960280
2004-05-20,968576
2004-05-21,969552
2004-05-22,987147
2004-05-23,985679
2004-05-24,984701
2004-05-25,69352
2004-05-26,1000363
2004-05-27,1009674
2004-05-28,1009674
2004-05-29,984701
2004-05-30,987147
2004-05-31,967111
2004-06-01,67554
2004-06-02,966135
2004-06-03,67195
2004-06-04,955403
2004-06-05,66836
2004-06-06,952965
2004-06-07,949067
2004-06-08,968576
2004-06-09,968576
2004-06-10,964671
2004-06-11,971017
2004-06-12,972483
2004-06-13,959304
2004-06-14,956378
2004-06-15,958816
2004-06-16,950529
2004-06-17,949067
2004-06-18,936894
2004-06-19,943222
2004-06-20,935921
2004-06-21,940301
2004-06-22,939327
2004-06-23,942248
2004-06-24,936408
2004-06-25,943222
2004-06-26,939327
2004-06-27,932030
2004-06-28,64690
2004-06-29,923280
2004-06-30,915024
2004-07-01,910171
2004-07-02,918423
2004-07-03,915995
2004-07-04,918423
2004-07-05,922308
2004-07-06,906776
2004-07-07,905806
2004-07-08,906776
2004-07-09,897082
2004-07-10,892239
2004-07-11,892239
2004-07-12,62553
2004-07-13,892723
2004-07-14,884012
2004-07-15,61843
2004-07-16,881111
2004-07-17,889335
2004-07-18,885947
2004-07-19,882078
2004-07-20,882078
2004-07-21,885947
2004-07-22,880144
2004-07-23,875310
2004-07-24,872411
2004-07-25,873377
2004-07-26,872411
2004-07-27,61134
2004-07-28,873861
2004-07-29,61134
2004-07-30,868548
2004-07-31,867099
2004-08-01,864686
2004-08-02,60426
2004-08-03,874827
2004-08-04,886431
2004-08-05,61489
2004-08-06,882561
2004-08-07,896113
2004-08-08,881111
2004-08-09,876760
2004-08-10,875310
2004-08-11,865651
2004-08-12,59014
2004-08-13,847812
2004-08-14,866617
2004-08-15,876760
2004-08-16,874827
2004-08-17,873861
2004-08-18,873861
2004-08-19,864203
2004-08-20,864686
2004-08-21,862273
2004-08-22,855039
2004-08-23,78
2004-08-24,847330
2004-08-25,852630
2004-08-26,850220
2004-08-27,853593
2004-08-28,845404
2004-08-29,839628
2004-08-30,839147
2004-08-31,840109
2004-09-01,839628
2004-09-02,845885
2004-09-03,846367
2004-09-04,844922
2004-09-05,849257
2004-09-06,867099
2004-09-07,874344
2004-09-08,868065
2004-09-09,60426
2004-09-10,877243
2004-09-11,881111
2004-09-12,882561
2004-09-13,879660
2004-09-14,882561
2004-09-15,881594
2004-09-16,883529
2004-09-17,873861
2004-09-18,862756
2004-09-19,856968
2004-09-20,853111
2004-09-21,858414
2004-09-22,857932
2004-09-23,855521
2004-09-24,856004
2004-09-25,862273
2004-09-26,860826
2004-09-27,848775
2004-09-28,847812
2004-09-29,838666
2004-09-30,835299
2004-10-01,838666
2004-10-02,838666
2004-10-03,848293
2004-10-04,852148
2004-10-05,59720
2004-10-06,860826
2004-10-07,857450
2004-10-08,859861
2004-10-09,859861
2004-10-10,860344
2004-10-11,860826
2004-10-12,859379
2004-10-13,59720
2004-10-14,855039
2004-10-15,841553
2004-10-16,835299
2004-10-17,836261
2004-10-18,833856
2004-10-19,824246
2004-10-20,826167
2004-10-21,815127
2004-10-22,812249
2004-10-23,818485
2004-10-24,56553
2004-10-25,817046
2004-10-26,813688
2004-10-27,812728
2004-10-28,799792
2004-10-29,792135
2004-10-30,773029
2004-10-31,775892
2004-11-01,777323
2004-11-02,774460
2004-11-03,778756
2004-11-04,763017
2004-11-05,768260
2004-11-06,767306
2004-11-07,758731
2004-11-08,750641
2004-11-09,749690
2004-11-10,771598
2004-11-11,759207
2004-11-12,755398
2004-11-13,762541
2004-11-14,775414
2004-11-15,782576
2004-11-16,764446
2004-11-17,754922
2004-11-18,763970
2004-11-19,767783
2004-11-20,53410
2004-11-21,763017
2004-11-22,769213
2004-11-23,772552
2004-11-24,769213
2004-11-25,770644
2004-11-26,772552
2004-11-27,53410
2004-11-28,766829
2004-11-29,769213
2004-11-30,771121
2004-12-01,772075
2004-12-02,774460
2004-12-03,771121
2004-12-04,53758
2004-12-05,782098
2004-12-06,783054
2004-12-07,789744
2004-12-08,784965
2004-12-09,781143
2004-12-10,773983
2004-12-11,774460
2004-12-12,773506
2004-12-13,772075
2004-12-14,772552
2004-12-15,765876
2004-12-16,766353
2004-12-17,768736
2004-12-18,769690
2004-12-19,767306
2004-12-20,757302
2004-12-21,756826
2004-12-22,765876
2004-12-23,763017
2004-12-24,768260
2004-12-25,768260
2004-12-26,768736
2004-12-27,53758
2004-12-28,767306
2004-12-29,759207
2004-12-30,761112
2004-12-31,757302
2005-01-01,759207
2005-01-02,761588
2005-01-03,763494
2005-01-04,762064
2005-01-05,763970
2005-01-06,767783
2005-01-07,762064
2005-01-08,751592
2005-01-09,747788
2005-01-10,753971
2005-01-11,752543
2005-01-12,755398
2005-01-13,747312
2005-01-14,743510
2005-01-15,741135
2005-01-16,743510
2005-01-17,745411
2005-01-18,750641
2005-01-19,754447
2005-01-20,52021
2005-01-21,52021
2005-01-22,749690
2005-01-23,745886
2005-01-24,745886
2005-01-25,745411
2005-01-26,743510
2005-01-27,745411
2005-01-28,745886
2005-01-29,759683
2005-01-30,53062
2005-01-31,763494
2005-02-01,767306
2005-02-02,772075
2005-02-03,757778
2005-02-04,759683
2005-02-05,764923
2005-02-06,762541
2005-02-07,758254
2005-02-08,751592
2005-02-09,753971
2005-02-10,753019
2005-02-11,761588
2005-02-12,767783
2005-02-13,768736
2005-02-14,768260
2005-02-15,767783
2005-02-16,53410
2005-02-17,775414
2005-02-18,772075
2005-02-19,766829
2005-02-20,769690
2005-02-21,768736
2005-02-22,770644
2005-02-23,768260
2005-02-24,769690
2005-02-25,771121
2005-02-26,53758
2005-02-27,53758
2005-02-28,53758
2005-03-01,775892
2005-03-02,774460
2005-03-03,777323
2005-03-04,776369
2005-03-05,54106
2005-03-06,770644
2005-03-07,773506
2005-03-08,784009
2005-03-09,785443
2005-03-10,786876
2005-03-11,786398
2005-03-12,782098
2005-03-13,781621
2005-03-14,782098
2005-03-15,783054
2005-03-16,783531
2005-03-17,782576
2005-03-18,784009
2005-03-19,786876
2005-03-20,799792
2005-03-21,793092
2005-03-22,795963
2005-03-23,55502
2005-03-24,800749
2005-03-25,802665
2005-03-26,800270
2005-03-27,797398
2005-03-28,792135
2005-03-29,792614
2005-03-30,777323
2005-03-31,775414
2005-04-01,769213
2005-04-02,764446
2005-04-03,763970
2005-04-04,766829
2005-04-05,768260
2005-04-06,762541
2005-04-07,52715
2005-04-08,761112
2005-04-09,762064
2005-04-10,757302
2005-04-11,753019
2005-04-12,753971
2005-04-13,752543
2005-04-14,754447
2005-04-15,759207
2005-04-16,2915
2005-04-17,764446
2005-04-18,763494
2005-04-19,763494
2005-04-20,763970
2005-04-21,758731
2005-04-22,763017
2005-04-23,53062
2005-04-24,766353
2005-04-25,766353
2005-04-26,765876
2005-04-27,767783
2005-04-28,53758
2005-04-29,776369
2005-04-30,778278
2005-05-01,776369
2005-05-02,776369
2005-05-03,773029
2005-05-04,768260
2005-05-05,766829
2005-05-06,762541
2005-05-07,765876
2005-05-08,761112
2005-05-09,756350
2005-05-10,756826
2005-05-11,745411
2005-05-12,759683
2005-05-13,762064
2005-05-14,762541
2005-05-15,749690
2005-05-16,743985
2005-05-17,738760
2005-05-18,733539
2005-05-19,722161
2005-05-20,721687
2005-05-21,714586
2005-05-22,715532
2005-05-23,713640
2005-05-24,693798
2005-05-25,696629
2005-05-26,690497
2005-05-27,691911
2005-05-28,707965
2005-05-29,702767
2005-05-30,710329
2005-05-31,705129
2005-06-01,702767
2005-06-02,699461
2005-06-03,699933
2005-06-04,693326
2005-06-05,702294
2005-06-06,693798
2005-06-07,687197
2005-06-08,680603
2005-06-09,684370
2005-06-10,686726
2005-06-11,47541
2005-06-12,693798
2005-06-13,695213
2005-06-14,693798
2005-06-15,691440
2005-06-16,678720
2005-06-17,676368
2005-06-18,675897
2005-06-19,675897
2005-06-20,675897
2005-06-21,672135
2005-06-22,677309
2005-06-23,677779
2005-06-24,674956
2005-06-25,678720
2005-06-26,674956
2005-06-27,659922
2005-06-28,659453
2005-06-29,658515
2005-06-30,647734
2005-07-01,654294
2005-07-02,674016
2005-07-03,684370
2005-07-04,679662
2005-07-05,685313
2005-07-06,678720
2005-07-07,677779
2005-07-08,676838
2005-07-09,678720
2005-07-10,48227
2005-07-11,697101
2005-07-12,690497
2005-07-13,691440
2005-07-14,697101
2005-07-15,698045
2005-07-16,697573
2005-07-17,694742
2005-07-18,692855
2005-07-19,698517
2005-07-20,704656
2005-07-21,699933
2005-07-22,702767
2005-07-23,48570
2005-07-24,707965
2005-07-25,706074
2005-07-26,708910
2005-07-27,704184
2005-07-28,704656
2005-07-29,715059
2005-07-30,712221
2005-07-31,711275
2005-08-01,713640
2005-08-02,712221
2005-08-03,706547
2005-08-04,704656
2005-08-05,706074
2005-08-06,707019
2005-08-07,702767
2005-08-08,702767
2005-08-09,701822
2005-08-10,705602
2005-08-11,707019
2005-08-12,48570
2005-08-13,697573
2005-08-14,693798
2005-08-15,693326
2005-08-16,691911
2005-08-17,690497
2005-08-18,691440
2005-08-19,692383
2005-08-20,695213
2005-08-21,704184
2005-08-22,707019
2005-08-23,704184
2005-08-24,705602
2005-08-25,704656
2005-08-26,48227
2005-08-27,697101
2005-08-28,690025
2005-08-29,690968
2005-08-30,691440
2005-08-31,687669
2005-09-01,687669
2005-09-02,686726
2005-09-03,47884
2005-09-04,696157
2005-09-05,48227
2005-09-06,695685
2005-09-07,702294
2005-09-08,702767
2005-09-09,705602
2005-09-10,690968
2005-09-11,690025
2005-09-12,688611
2005-09-13,690968
2005-09-14,691440
2005-09-15,691440
2005-09-16,695685
2005-09-17,698045
2005-09-18,696629
2005-09-19,696629
2005-09-20,693798
2005-09-21,696629
2005-09-22,698517
2005-09-23,697573
2005-09-24,48227
2005-09-25,698517
2005-09-26,699461
2005-09-27,699933
2005-09-28,698517
2005-09-29,698045
2005-09-30,698517
2005-10-01,700405
2005-10-02,703239
2005-10-03,710329
2005-10-04,710802
2005-10-05,708910
2005-10-06,709856
2005-10-07,709383
2005-10-08,709856
2005-10-09,711275
2005-10-10,712221
2005-10-11,717426
2005-10-12,722161
2005-10-13,720740
2005-10-14,720266
2005-10-15,721214
2005-10-16,716479
2005-10-17,715532
2005-10-18,717426
2005-10-19,49602
2005-10-20,49602
2005-10-21,720266
2005-10-22,731167
2005-10-23,733539
2005-10-24,734014
2005-10-25,733539
2005-10-26,50982
2005-10-27,735912
2005-10-28,745886
2005-10-29,749214
2005-10-30,763017
2005-10-31,764923
2005-11-01,760159
2005-11-02,53410
2005-11-03,763970
2005-11-04,53062
2005-11-05,767306
2005-11-06,766353
2005-11-07,763970
2005-11-08,773983
2005-11-09,777801
2005-11-10,773983
2005-11-11,778278
2005-11-12,778756
2005-11-13,792614
2005-11-14,795006
2005-11-15,786398
2005-11-16,780188
2005-11-17,773983
2005-11-18,768260
2005-11-19,777323
2005-11-20,784965
2005-11-21,779233
2005-11-22,786876
2005-11-23,791657
2005-11-24,792614
2005-11-25,792135
2005-11-26,792135
2005-11-27,794527
2005-11-28,800270
2005-11-29,804581
2005-11-30,811290
2005-12-01,811290
2005-12-02,3134
2005-12-03,794527
2005-12-04,794527
2005-12-05,790223
2005-12-06,809852
2005-12-07,802665
2005-12-08,799792
2005-12-09,56553
2005-12-10,806976
2005-12-11,799792
2005-12-12,786398
2005-12-13,783054
2005-12-14,788788
2005-12-15,788310
2005-12-16,793570
2005-12-17,791179
2005-12-18,784009
2005-12-19,776369
2005-12-20,776846
2005-12-21,779233
2005-12-22,779233
2005-12-23,777323
2005-12-24,54106
2005-12-25,793570
2005-12-26,792135
2005-12-27,792614
2005-12-28,788788
2005-12-29,786398
2005-12-30,791657
2005-12-31,55153
2006-01-01,792135
2006-01-02,795963
2006-01-03,793570
2006-01-04,793092
2006-01-05,795484
2006-01-06,790701
2006-01-07,784965
2006-01-08,784965
2006-01-09,785920
2006-01-10,786876
2006-01-11,785443
2006-01-12,780666
2006-01-13,773029
2006-01-14,765876
2006-01-15,762064
2006-01-16,761112
2006-01-17,757778
2006-01-18,761112
2006-01-19,757302
2006-01-20,746837
2006-01-21,750641
2006-01-22,750165
2006-01-23,743985
2006-01-24,744460
2006-01-25,745411
2006-01-26,747312
2006-01-27,749214
2006-01-28,745886
2006-01-29,742560
2006-01-30,753019
2006-01-31,748263
2006-02-01,52021
2006-02-02,737336
2006-02-03,735912
2006-02-04,729744
2006-02-05,730219
2006-02-06,719793
2006-02-07,723108
2006-02-08,725478
2006-02-09,721687
2006-02-10,718372
2006-02-11,716479
2006-02-12,716006
2006-02-13,724530
2006-02-14,721214
2006-02-15,725478
2006-02-16,724056
2006-02-17,723108
2006-02-18,719793
2006-02-19,724056
2006-02-20,50982
2006-02-21,728322
2006-02-22,724530
2006-02-23,728796
2006-02-24,730693
2006-02-25,726426
2006-02-26,731641
2006-02-27,739710
2006-02-28,738285
2006-03-01,744936
2006-03-02,51328
2006-03-03,743510
2006-03-04,744936
2006-03-05,745411
2006-03-06,749690
2006-03-07,750641
2006-03-08,743510
2006-03-09,738760
2006-03-10,750165
2006-03-11,753495
2006-03-12,762541
2006-03-13,769690
2006-03-14,772552
2006-03-15,769690
2006-03-16,767783
2006-03-17,772075
2006-03-18,780188
2006-03-19,789744
2006-03-20,787832
2006-03-21,776846
2006-03-22,773983
2006-03-23,776369
2006-03-24,776369
2006-03-25,777323
2006-03-26,785920
2006-03-27,784009
2006-03-28,793570
2006-03-29,786398
2006-03-30,788788
2006-03-31,55153
2006-04-01,793570
2006-04-02,788310
2006-04-03,790223
2006-04-04,54455
2006-04-05,785443
2006-04-06,54804
2006-04-07,54106
2006-04-08,776846
2006-04-09,775892
2006-04-10,773506
2006-04-11,775892
2006-04-12,773029
2006-04-13,766353
2006-04-14,767306
2006-04-15,764446
2006-04-16,766829
2006-04-17,773506
2006-04-18,775892
2006-04-19,775414
2006-04-20,781143
2006-04-21,781621
2006-04-22,784009
2006-04-23,785443
2006-04-24,785920
2006-04-25,788310
2006-04-26,783531
2006-04-27,790223
2006-04-28,790223
2006-04-29,792135
2006-04-30,792135
2006-05-01,790701
2006-05-02,788788
2006-05-03,790223
2006-05-04,791179
2006-05-05,795484
2006-05-06,800749
2006-05-07,799792
2006-05-08,802665
2006-05-09,802186
2006-05-10,795484
2006-05-11,789744
2006-05-12,790223
2006-05-13,788788
2006-05-14,791657
2006-05-15,55153
2006-05-16,797398
2006-05-17,796920
2006-05-18,791179
2006-05-19,789744
2006-05-20,782576
2006-05-21,781143
2006-05-22,785443
2006-05-23,778278
2006-05-24,779233
2006-05-25,784965
2006-05-26,787354
2006-05-27,793570
2006-05-28,792614
2006-05-29,55153
2006-05-30,799313
2006-05-31,797398
2006-06-01,55502
2006-06-02,799792
2006-06-03,803144
2006-06-04,807455
2006-06-05,811290
2006-06-06,806018
2006-06-07,810331
2006-06-08,56553
2006-06-09,823766
2006-06-10,824726
2006-06-11,838666
2006-06-12,835780
2006-06-13,58309
2006-06-14,856004
2006-06-15,855521
2006-06-16,857450
2006-06-17,849257
2006-06-18,59014
2006-06-19,856004
2006-06-20,840109
2006-06-21,843960
2006-06-22,831453
2006-06-23,833856
2006-06-24,58661
2006-06-25,833376
2006-06-26,841072
2006-06-27,853111
2006-06-28,863721
2006-06-29,864686
2006-06-30,60426
2006-07-01,863238
2006-07-02,847812
2006-07-03,839147
2006-07-04,841072
2006-07-05,58309
2006-07-06,57957
2006-07-07,823285
2006-07-08,831453
2006-07-09,830972
2006-07-10,834818
2006-07-11,830491
2006-07-12,830011
2006-07-13,817525
2006-07-14,55502
2006-07-15,799313
2006-07-16,795963
2006-07-17,783531
2006-07-18,794527
2006-07-19,792135
2006-07-20,795006
2006-07-21,805539
2006-07-22,806976
2006-07-23,799792
2006-07-24,804581
2006-07-25,804102
2006-07-26,806497
2006-07-27,807935
2006-07-28,801707
2006-07-29,791657
2006-07-30,788788
2006-07-31,797877
2006-08-01,787354
2006-08-02,786876
2006-08-03,780666
2006-08-04,787354
2006-08-05,802186
2006-08-06,806497
2006-08-07,799313
2006-08-08,804102
2006-08-09,799792
2006-08-10,822325
2006-08-11,822325
2006-08-12,826167
2006-08-13,823766
2006-08-14,836742
2006-08-15,57606
2006-08-16,828569
2006-08-17,823285
2006-08-18,830972
2006-08-19,831933
2006-08-20,829530
2006-08-21,831933
2006-08-22,821845
2006-08-23,825687
2006-08-24,831453
2006-08-25,841072
2006-08-26,847330
2006-08-27,839628
2006-08-28,844441
2006-08-29,842516
2006-08-30,845404
2006-08-31,845885
2006-09-01,842516
2006-09-02,836742
2006-09-03,78
2006-09-04,829050
2006-09-05,57606
2006-09-06,823766
2006-09-07,824726
2006-09-08,57606
2006-09-09,806497
2006-09-10,798355
2006-09-11,795484
2006-09-12,795006
2006-09-13,790701
2006-09-14,791657
2006-09-15,797398
2006-09-16,793092
2006-09-17,796920
2006-09-18,800270
2006-09-19,802186
2006-09-20,811769
2006-09-21,807455
2006-09-22,799313
2006-09-23,787354
2006-09-24,780666
2006-09-25,781621
2006-09-26,780666
2006-09-27,781621
2006-09-28,782576
2006-09-29,774460
2006-09-30,775414
2006-10-01,773983
2006-10-02,53410
2006-10-03,773506
2006-10-04,775414
2006-10-05,773983
2006-10-06,778756
2006-10-07,778756
2006-10-08,780666
2006-10-09,777323
2006-10-10,777801
2006-10-11,779233
2006-10-12,785920
2006-10-13,785443
2006-10-14,779233
2006-10-15,774460
2006-10-16,773029
2006-10-17,775892
2006-10-18,773029
2006-10-19,765876
2006-10-20,762541
2006-10-21,758254
2006-10-22,52021
2006-10-23,750165
2006-10-24,747788
2006-10-25,51674
2006-10-26,747312
2006-10-27,746837
2006-10-28,744936
2006-10-29,739710
2006-10-30,743035
2006-10-31,742560
2006-11-01,739710
2006-11-02,724530
2006-11-03,50291
2006-11-04,725952
2006-11-05,719319
2006-11-06,720740
2006-11-07,726426
2006-11-08,727848
2006-11-09,720740
2006-11-10,712221
2006-11-11,2698
2006-11-12,48570
2006-11-13,702767
2006-11-14,48570
2006-11-15,712694
2006-11-16,718372
2006-11-17,700878
2006-11-18,699461
2006-11-19,693798
2006-11-20,699933
2006-11-21,48227
2006-11-22,699933
2006-11-23,48227
2006-11-24,706074
2006-11-25,704184
2006-11-26,712694
2006-11-27,710802
2006-11-28,719319
2006-11-29,707019
2006-11-30,702294
2006-12-01,702767
2006-12-02,705129
2006-12-03,698517
2006-12-04,699933
2006-12-05,702767
2006-12-06,699933
2006-12-07,701822
2006-12-08,47884
2006-12-09,688611
2006-12-10,687197
2006-12-11,695685
2006-12-12,696629
2006-12-13,47884
2006-12-14,697573
2006-12-15,695213
2006-12-16,699461
2006-12-17,48227
2006-12-18,696629
2006-12-19,692383
2006-12-20,47884
2006-12-21,698045
2006-12-22,704656
2006-12-23,701350
2006-12-24,707019
2006-12-25,715532
2006-12-26,49602
2006-12-27,710329
2006-12-28,708910
2006-12-29,711748
2006-12-30,709383
2006-12-31,710802
2007-01-01,713640
2007-01-02,716479
2007-01-03,714586
2007-01-04,709856
2007-01-05,706074
2007-01-06,700405
2007-01-07,707019
2007-01-08,712694
2007-01-09,710802
2007-01-10,713640
2007-01-11,714113
2007-01-12,714113
2007-01-13,713640
2007-01-14,707492
2007-01-15,702767
2007-01-16,710329
2007-01-17,708910
2007-01-18,2698
2007-01-19,2698
2007-01-20,706547
2007-01-21,705129
2007-01-22,704184
2007-01-23,696629
2007-01-24,695685
2007-01-25,695685
2007-01-26,698045
2007-01-27,698045
2007-01-28,695685
2007-01-29,697573
2007-01-30,703239
2007-01-31,707492
2007-02-01,706074
2007-02-02,700405
2007-02-03,700405
2007-02-04,697101
2007-02-05,698517
2007-02-06,699461
2007-02-07,700405
2007-02-08,700405
2007-02-09,695213
2007-02-10,687669
2007-02-11,688611
2007-02-12,679191
2007-02-13,678720
2007-02-14,675897
2007-02-15,682486
2007-02-16,683428
2007-02-17,681545
2007-02-18,683899
2007-02-19,683899
2007-02-20,691440
2007-02-21,47884
2007-02-22,695685
2007-02-23,698045
2007-02-24,700405
2007-02-25,695213
2007-02-26,699933
2007-02-27,707965
2007-02-28,705602
2007-03-01,705129
2007-03-02,704656
2007-03-03,702767
2007-03-04,704656
2007-03-05,707019
2007-03-06,704656
2007-03-07,705129
2007-03-08,705129
2007-03-09,706074
2007-03-10,705602
2007-03-11,697573
2007-03-12,693798
2007-03-13,698517
2007-03-14,699461
2007-03-15,696629
2007-03-16,698045
2007-03-17,695213
2007-03-18,691440
2007-03-19,693798
2007-03-20,692383
2007-03-21,688611
2007-03-22,685784
2007-03-23,684370
2007-03-24,686726
2007-03-25,684370
2007-03-26,682957
2007-03-27,685313
2007-03-28,688611
2007-03-29,681545
2007-03-30,686255
2007-03-31,682957
2007-04-01,682016
2007-04-02,682016
2007-04-03,681074
2007-04-04,674486
2007-04-05,670254
2007-04-06,670254
2007-04-07,672135
2007-04-08,668375
2007-04-09,665556
2007-04-10,655701
2007-04-11,658046
2007-04-12,658984
2007-04-13,658046
2007-04-14,650544
2007-04-15,652419
2007-04-16,658984
2007-04-17,657577
2007-04-18,45153
2007-04-19,650544
2007-04-20,44474
2007-04-21,643988
2007-04-22,644456
2007-04-23,638374
2007-04-24,641649
2007-04-25,640245
2007-04-26,639777
2007-04-27,636972
2007-04-28,641649
2007-04-29,638842
2007-04-30,639310
2007-05-01,641649
2007-05-02,645393
2007-05-03,650076
2007-05-04,653825
2007-05-05,644456
2007-05-06,641649
2007-05-07,645393
2007-05-08,652888
2007-05-09,657577
2007-05-10,655701
2007-05-11,649607
2007-05-12,643520
2007-05-13,641649
2007-05-14,636972
2007-05-15,646797
2007-05-16,44813
2007-05-17,651013
2007-05-18,641181
2007-05-19,644456
2007-05-20,648202
2007-05-21,647734
2007-05-22,645861
2007-05-23,638842
2007-05-24,640245
2007-05-25,635569
2007-05-26,630430
2007-05-27,636504
2007-05-28,626695
2007-05-29,627629
2007-05-30,629496
2007-05-31,622963
2007-06-01,625296
2007-06-02,622030
2007-06-03,619699
2007-06-04,619699
2007-06-05,616437
2007-06-06,622497
2007-06-07,622963
2007-06-08,618301
2007-06-09,620631
2007-06-10,622497
2007-06-11,622497
2007-06-12,623429
2007-06-13,622030
2007-06-14,618301
2007-06-15,615505
2007-06-16,608522
2007-06-17,608522
2007-06-18,606196
2007-06-19,608987
2007-06-20,608987
2007-06-21,41435
2007-06-22,601548
2007-06-23,604336
2007-06-24,601083
2007-06-25,602942
2007-06-26,603872
2007-06-27,606196
2007-06-28,608057
2007-06-29,610849
2007-06-30,41435
2007-07-01,607592
2007-07-02,613177
2007-07-03,2276
2007-07-04,621098
2007-07-05,615971
2007-07-06,615971
2007-07-07,41771
2007-07-08,604801
2007-07-09,602012
2007-07-10,605731
2007-07-11,604336
2007-07-12,605731
2007-07-13,607592
2007-07-14,608522
2007-07-15,607127
2007-07-16,604801
2007-07-17,615971
2007-07-18,627162
2007-07-19,636037
2007-07-20,629496
2007-07-21,43119
2007-07-22,613177
2007-07-23,613177
2007-07-24,41771
2007-07-25,611314
2007-07-26,618301
2007-07-27,629963
2007-07-28,629029
2007-07-29,621098
2007-07-30,629496
2007-07-31,629963
2007-08-01,635569
2007-08-02,635102
2007-08-03,635102
2007-08-04,621098
2007-08-05,616437
2007-08-06,612245
2007-08-07,608987
2007-08-08,608057
2007-08-09,41771
2007-08-10,41771
2007-08-11,608987
2007-08-12,611314
2007-08-13,604801
2007-08-14,599689
2007-08-15,598296
2007-08-16,597367
2007-08-17,591798
2007-08-18,592262
2007-08-19,594582
2007-08-20,589015
2007-08-21,592726
2007-08-22,594582
2007-08-23,598760
2007-08-24,603872
2007-08-25,611314
2007-08-26,613177
2007-08-27,610384
2007-08-28,617369
2007-08-29,625296
2007-08-30,42782
2007-08-31,624829
2007-09-01,626695
2007-09-02,632299
2007-09-03,631831
2007-09-04,630430
2007-09-05,634167
2007-09-06,636972
2007-09-07,643988
2007-09-08,44813
2007-09-09,648202
2007-09-10,650544
2007-09-11,651482
2007-09-12,660861
2007-09-13,676838
2007-09-14,686726
2007-09-15,47199
2007-09-16,679191
2007-09-17,682486
2007-09-18,694742
2007-09-19,48570
2007-09-20,711275
2007-09-21,711275
2007-09-22,707492
2007-09-23,701350
2007-09-24,698045
2007-09-25,693326
2007-09-26,691911
2007-09-27,699461
2007-09-28,703239
2007-09-29,693326
2007-09-30,698517
2007-10-01,694742
2007-10-02,700878
2007-10-03,697573
2007-10-04,691911
2007-10-05,695685
2007-10-06,703239
2007-10-07,725952
2007-10-08,740185
2007-10-09,728322
2007-10-10,734014
2007-10-11,731167
2007-10-12,734488
2007-10-13,741135
2007-10-14,717426
2007-10-15,711275
2007-10-16,719793
2007-10-17,731167
2007-10-18,726426
2007-10-19,718372
2007-10-20,724056
2007-10-21,729270
2007-10-22,721214
2007-10-23,715059
2007-10-24,709383
2007-10-25,704184
2007-10-26,707492
2007-10-27,726426
2007-10-28,721687
2007-10-29,714586
2007-10-30,718846
2007-10-31,715059
2007-11-01,712221
2007-11-02,707492
2007-11-03,714586
2007-11-04,718372
2007-11-05,50291
2007-11-06,730219
2007-11-07,726900
2007-11-08,731641
2007-11-09,733539
2007-11-10,51328
2007-11-11,742085
2007-11-12,743035
2007-11-13,752068
2007-11-14,754922
2007-11-15,52021
2007-11-16,754922
2007-11-17,762541
2007-11-18,52021
2007-11-19,754922
2007-11-20,755398
2007-11-21,748738
2007-11-22,755398
2007-11-23,748738
2007-11-24,753971
2007-11-25,762541
2007-11-26,766353
2007-11-27,772552
2007-11-28,770644
2007-11-29,768736
2007-11-30,761112
2007-12-01,764446
2007-12-02,763017
2007-12-03,772075
2007-12-04,750641
2007-12-05,750165
2007-12-06,2915
2007-12-07,52021
2007-12-08,742085
2007-12-09,731641
2007-12-10,736387
2007-12-11,735437
2007-12-12,725952
2007-12-13,734963
2007-12-14,726900
2007-12-15,733539
2007-12-16,733065
2007-12-17,730693
2007-12-18,735912
2007-12-19,725004
2007-12-20,49602
2007-12-21,714586
2007-12-22,712694
2007-12-23,719793
2007-12-24,721687
2007-12-25,720266
2007-12-26,723108
2007-12-27,725004
2007-12-28,724056
2007-12-29,737336
2007-12-30,763970
2007-12-31,757778
2008-01-01,733539
2008-01-02,721687
2008-01-03,733539
2008-01-04,731167
2008-01-05,731641
2008-01-06,50291
2008-01-07,730693
2008-01-08,731641
2008-01-09,50291
2008-01-10,725952
2008-01-11,50291
2008-01-12,724056
2008-01-13,706074
2008-01-14,705602
2008-01-15,707019
2008-01-16,702294
2008-01-17,701350
2008-01-18,696157
2008-01-19,694742
2008-01-20,699933
2008-01-21,48570
2008-01-22,702767
2008-01-23,695685
2008-01-24,698045
2008-01-25,700405
2008-01-26,700878
2008-01-27,697101
2008-01-28,690968
2008-01-29,692383
2008-01-30,690968
2008-01-31,692383
2008-02-01,698045
2008-02-02,699461
2008-02-03,706547
2008-02-04,704656
2008-02-05,705602
2008-02-06,705129
2008-02-07,714113
2008-02-08,709383
2008-02-09,709856
2008-02-10,703239
2008-02-11,704184
2008-02-12,706074
2008-02-13,710329
2008-02-14,2698
2008-02-15,708910
2008-02-16,713640
2008-02-17,704184
2008-02-18,695213
2008-02-19,693326
2008-02-20,690497
2008-02-21,676368
2008-02-22,681545
2008-02-23,680603
2008-02-24,675897
2008-02-25,681545
2008-02-26,678720
2008-02-27,679662
2008-02-28,675897
2008-02-29,679191
2008-03-01,664147
2008-03-02,662739
2008-03-03,662739
2008-03-04,659922
2008-03-05,654763
2008-03-06,653356
2008-03-07,44813
2008-03-08,668845
2008-03-09,674016
2008-03-10,665556
2008-03-11,667905
2008-03-12,668375
2008-03-13,45153
2008-03-14,648671
2008-03-15,649607
2008-03-16,651013
2008-03-17,650076
2008-03-18,652419
2008-03-19,653356
2008-03-20,651482
2008-03-21,650544
2008-03-22,649139
2008-03-23,642116
2008-03-24,630897
2008-03-25,621564
2008-03-26,626229
2008-03-27,619699
2008-03-28,622497
2008-03-29,42782
2008-03-30,42782
2008-03-31,627629
2008-04-01,636504
2008-04-02,623429
2008-04-03,624362
2008-04-04,621564
2008-04-05,636504
2008-04-06,653356
2008-04-07,648671
2008-04-08,657108
2008-04-09,671665
2008-04-10,669784
2008-04-11,665086
2008-04-12,653825
2008-04-13,655232
2008-04-14,659453
2008-04-15,654763
2008-04-16,669314
2008-04-17,659453
2008-04-18,45153
2008-04-19,671665
2008-04-20,665086
2008-04-21,660392
2008-04-22,658046
2008-04-23,45153
2008-04-24,650544
2008-04-25,44134
2008-04-26,648202
2008-04-27,657577
2008-04-28,664147
2008-04-29,672135
2008-04-30,674956
2008-05-01,684370
2008-05-02,683428
2008-05-03,683428
2008-05-04,47199
2008-05-05,684370
2008-05-06,680603
2008-05-07,686255
2008-05-08,682016
2008-05-09,678720
2008-05-10,680603
2008-05-11,688140
2008-05-12,695213
2008-05-13,695213
2008-05-14,47884
2008-05-15,691911
2008-05-16,695213
2008-05-17,691911
2008-05-18,695685
2008-05-19,692855
2008-05-20,692383
2008-05-21,686255
2008-05-22,684370
2008-05-23,47884
2008-05-24,698045
2008-05-25,47884
2008-05-26,691911
2008-05-27,685313
2008-05-28,690497
2008-05-29,682486
2008-05-30,684370
2008-05-31,683428
2008-06-01,685313
2008-06-02,682957
2008-06-03,672605
2008-06-04,671665
2008-06-05,673075
2008-06-06,673545
2008-06-07,671195
2008-06-08,679191
2008-06-09,687197
2008-06-10,682486
2008-06-11,690497
2008-06-12,692383
2008-06-13,693798
2008-06-14,696157
2008-06-15,47884
2008-06-16,690968
2008-06-17,690497
2008-06-18,685784
2008-06-19,685313
2008-06-20,687669
2008-06-21,688140
2008-06-22,686255
2008-06-23,680603
2008-06-24,682016
2008-06-25,681074
2008-06-26,676368
2008-06-27,678250
2008-06-28,683428
2008-06-29,681074
2008-06-30,671665
2008-07-01,671665
2008-07-02,667435
2008-07-03,668375
2008-07-04,658984
2008-07-05,657108
2008-07-06,661800
2008-07-07,668375
2008-07-08,670254
2008-07-09,665086
2008-07-10,677309
2008-07-11,674016
2008-07-12,664617
2008-07-13,666495
2008-07-14,664617
2008-07-15,663208
2008-07-16,2485
2008-07-17,655701
2008-07-18,45153
2008-07-19,657108
2008-07-20,658515
2008-07-21,651482
2008-07-22,650544
2008-07-23,647734
2008-07-24,646329
2008-07-25,651013
2008-07-26,644925
2008-07-27,647734
2008-07-28,645393
2008-07-29,644925
2008-07-30,638842
2008-07-31,634167
2008-08-01,632766
2008-08-02,622497
2008-08-03,625762
2008-08-04,622963
2008-08-05,621098
2008-08-06,622497
2008-08-07,620631
2008-08-08,2276
2008-08-09,613177
2008-08-10,622963
2008-08-11,612711
2008-08-12,604801
2008-08-13,610384
2008-08-14,604336
2008-08-15,603407
2008-08-16,40763
2008-08-17,606196
2008-08-18,609453
2008-08-19,609453
2008-08-20,607127
2008-08-21,615505
2008-08-22,606662
2008-08-23,602477
2008-08-24,607127
2008-08-25,606196
2008-08-26,605731
2008-08-27,604336
2008-08-28,602942
2008-08-29,604336
2008-08-30,606196
2008-08-31,598296
2008-09-01,599689
2008-09-02,601083
2008-09-03,598296
2008-09-04,595510
2008-09-05,599689
2008-09-06,597367
2008-09-07,595046
2008-09-08,592726
2008-09-09,590406
2008-09-10,585771
2008-09-11,570039
2008-09-12,2070
2008-09-13,571425
2008-09-14,573274
2008-09-15,571425
2008-09-16,569115
2008-09-17,565420
2008-09-18,564035
2008-09-19,573736
2008-09-20,570501
2008-09-21,564497
2008-09-22,573736
2008-09-23,573274
2008-09-24,592262
2008-09-25,608057
2008-09-26,608522
2008-09-27,622963
2008-09-28,606196
2008-09-29,615505
2008-09-30,606196
2008-10-01,610384
2008-10-02,615505
2008-10-03,608057
2008-10-04,608057
2008-10-05,592262
2008-10-06,580213
2008-10-07,575123
2008-10-08,580213
2008-10-09,572349
2008-10-10,570501
2008-10-11,39759
2008-10-12,588088
2008-10-13,601548
2008-10-14,608522
2008-10-15,601548
2008-10-16,597367
2008-10-17,40428
2008-10-18,603872
2008-10-19,607592
2008-10-20,42782
2008-10-21,618767
2008-10-22,619699
2008-10-23,629496
2008-10-24,632766
2008-10-25,631364
2008-10-26,43457
2008-10-27,633700
2008-10-28,634635
2008-10-29,645861
2008-10-30,643988
2008-10-31,646329
2008-11-01,651013
2008-11-02,658984
2008-11-03,656170
2008-11-04,659922
2008-11-05,655701
2008-11-06,645393
2008-11-07,658046
2008-11-08,2485
2008-11-09,659922
2008-11-10,44813
2008-11-11,658046
2008-11-12,662269
2008-11-13,662269
2008-11-14,658515
2008-11-15,660861
2008-11-16,658515
2008-11-17,652888
2008-11-18,648202
2008-11-19,652888
2008-11-20,660392
2008-11-21,646329
2008-11-22,640713
2008-11-23,647734
2008-11-24,652888
2008-11-25,650544
2008-11-26,44474
2008-11-27,646329
2008-11-28,640245
2008-11-29,643520
2008-11-30,645861
2008-12-01,645861
2008-12-02,655232
2008-12-03,658984
2008-12-04,660861
2008-12-05,665086
2008-12-06,667435
2008-12-07,667905
2008-12-08,46174
2008-12-09,679191
2008-12-10,673075
2008-12-11,677779
2008-12-12,678720
2008-12-13,679662
2008-12-14,46516
2008-12-15,676368
2008-12-16,676838
2008-12-17,46174
2008-12-18,677309
2008-12-19,666965
2008-12-20,664617
2008-12-21,668845
2008-12-22,45153
2008-12-23,648671
2008-12-24,650544
2008-12-25,653356
2008-12-26,654763
2008-12-27,666495
2008-12-28,679191
2008-12-29,681074
2008-12-30,682957
2008-12-31,686726
2009-01-01,687197
2009-01-02,687197
2009-01-03,685784
2009-01-04,687197
2009-01-05,688611
2009-01-06,690968
2009-01-07,676838
2009-01-08,674956
2009-01-09,677309
2009-01-10,678250
2009-01-11,674956
2009-01-12,667905
2009-01-13,670254
2009-01-14,677309
2009-01-15,681074
2009-01-16,683428
2009-01-17,681545
2009-01-18,683899
2009-01-19,678250
2009-01-20,693326
2009-01-21,690968
2009-01-22,693326
2009-01-23,692383
2009-01-24,690497
2009-01-25,692383
2009-01-26,690497
2009-01-27,691440
2009-01-28,691911
2009-01-29,686726
2009-01-30,677309
2009-01-31,679191
2009-02-01,676368
2009-02-02,674956
2009-02-03,681074
2009-02-04,46516
2009-02-05,46516
2009-02-06,669784
2009-02-07,666495
2009-02-08,659922
2009-02-09,666495
2009-02-10,659453
2009-02-11,667435
2009-02-12,668845
2009-02-13,664617
2009-02-14,663208
2009-02-15,658046
2009-02-16,44813
2009-02-17,657108
2009-02-18,663678
2009-02-19,668375
2009-02-20,661800
2009-02-21,660861
2009-02-22,663678
2009-02-23,664147
2009-02-24,653356
2009-02-25,646329
2009-02-26,44813
2009-02-27,654294
2009-02-28,652888
2009-03-01,655701
2009-03-02,653825
2009-03-03,648202
2009-03-04,44813
2009-03-05,651482
2009-03-06,653825
2009-03-07,663208
2009-03-08,665556
2009-03-09,666965
2009-03-10,668375
2009-03-11,662269
2009-03-12,669784
2009-03-13,673075
2009-03-14,672605
2009-03-15,667435
2009-03-16,674016
2009-03-17,678720
2009-03-18,674956
2009-03-19,676368
2009-03-20,667435
2009-03-21,655701
2009-03-22,657577
2009-03-23,659922
2009-03-24,661800
2009-03-25,672605
2009-03-26,671195
2009-03-27,673075
2009-03-28,679191
2009-03-29,677309
2009-03-30,671665
2009-03-31,673545
2009-04-01,678720
2009-04-02,689083
2009-04-03,688140
2009-04-04,48227
2009-04-05,48570
2009-04-06,707492
2009-04-07,705602
2009-04-08,712694
2009-04-09,710329
2009-04-10,2698
2009-04-11,705129
2009-04-12,711275
2009-04-13,709383
2009-04-14,706547
2009-04-15,2698
2009-04-16,712221
2009-04-17,710802
2009-04-18,718846
2009-04-19,722161
2009-04-20,49602
2009-04-21,716479
2009-04-22,719793
2009-04-23,719319
2009-04-24,711275
2009-04-25,49258
2009-04-26,707492
2009-04-27,712221
2009-04-28,717426
2009-04-29,719793
2009-04-30,721214
2009-05-01,717426
2009-05-02,725478
2009-05-03,727848
2009-05-04,716006
2009-05-05,710329
2009-05-06,713640
2009-05-07,716006
2009-05-08,707492
2009-05-09,707019
2009-05-10,712221
2009-05-11,716952
2009-05-12,716952
2009-05-13,713640
2009-05-14,702294
2009-05-15,707019
2009-05-16,700878
2009-05-17,701822
2009-05-18,698517
2009-05-19,48570
2009-05-20,700405
2009-05-21,703239
2009-05-22,693798
2009-05-23,692855
2009-05-24,696157
2009-05-25,698045
2009-05-26,47541
2009-05-27,683899
2009-05-28,671665
2009-05-29,666495
2009-05-30,46174
2009-05-31,2485
2009-06-01,660392
2009-06-02,666965
2009-06-03,664617
2009-06-04,658515
2009-06-05,664617
2009-06-06,666495
2009-06-07,667905
2009-06-08,680603
2009-06-09,674956
2009-06-10,682486
2009-06-11,684370
2009-06-12,675897
2009-06-13,669314
2009-06-14,667905
2009-06-15,677309
2009-06-16,675897
2009-06-17,673075
2009-06-18,672605
2009-06-19,672135
2009-06-20,672135
2009-06-21,664147
2009-06-22,659922
2009-06-23,663208
2009-06-24,667905
2009-06-25,668375
2009-06-26,674486
2009-06-27,679191
2009-06-28,682957
2009-06-29,691440
2009-06-30,696629
2009-07-01,695213
2009-07-02,700878
2009-07-03,699933
2009-07-04,701822
2009-07-05,697573
2009-07-06,705602
2009-07-07,706074
2009-07-08,705602
2009-07-09,707019
2009-07-10,704656
2009-07-11,701822
2009-07-12,706074
2009-07-13,704656
2009-07-14,705129
2009-07-15,704184
2009-07-16,710802
2009-07-17,711275
2009-07-18,714113
2009-07-19,716006
2009-07-20,710329
2009-07-21,708910
2009-07-22,709383
2009-07-23,714113
2009-07-24,712694
2009-07-25,716952
2009-07-26,716952
2009-07-27,718846
2009-07-28,718846
2009-07-29,711748
2009-07-30,711275
2009-07-31,711275
2009-08-01,711275
2009-08-02,707492
2009-08-03,710802
2009-08-04,715059
2009-08-05,716006
2009-08-06,712694
2009-08-07,710802
2009-08-08,715059
2009-08-09,712694
2009-08-10,709383
2009-08-11,705602
2009-08-12,707492
2009-08-13,708910
2009-08-14,708910
2009-08-15,716952
2009-08-16,725004
2009-08-17,50291
2009-08-18,728322
2009-08-19,726426
2009-08-20,727848
2009-08-21,728796
2009-08-22,723582
2009-08-23,724530
2009-08-24,50291
2009-08-25,725004
2009-08-26,732590
2009-08-27,732590
2009-08-28,730693
2009-08-29,730693
2009-08-30,725952
2009-08-31,730693
2009-09-01,732590
2009-09-02,734014
2009-09-03,730693
2009-09-04,729744
2009-09-05,724056
2009-09-06,50291
2009-09-07,723582
2009-09-08,724530
2009-09-09,725952
2009-09-10,733065
2009-09-11,737336
2009-09-12,738285
2009-09-13,735912
2009-09-14,734014
2009-09-15,733539
2009-09-16,728796
2009-09-17,721687
2009-09-18,719793
2009-09-19,723108
2009-09-20,717426
2009-09-21,720740
2009-09-22,722161
2009-09-23,718372
2009-09-24,712694
2009-09-25,710329
2009-09-26,714113
2009-09-27,709856
2009-09-28,712221
2009-09-29,716952
2009-09-30,716952
2009-10-01,716479
2009-10-02,712694
2009-10-03,702767
2009-10-04,697573
2009-10-05,704184
2009-10-06,705602
2009-10-07,703239
2009-10-08,701350
2009-10-09,704184
2009-10-10,707492
2009-10-11,702294
2009-10-12,701822
2009-10-13,693326
2009-10-14,692855
2009-10-15,695685
2009-10-16,696629
2009-10-17,696157
2009-10-18,693326
2009-10-19,706074
2009-10-20,707492
2009-10-21,713640
2009-10-22,715532
2009-10-23,717426
2009-10-24,713640
2009-10-25,714113
2009-10-26,49602
2009-10-27,714113
2009-10-28,712694
2009-10-29,714113
2009-10-30,717426
2009-10-31,708910
2009-11-01,706074
2009-11-02,48570
2009-11-03,705602
2009-11-04,698517
2009-11-05,698517
2009-11-06,694742
2009-11-07,692855
2009-11-08,690025
2009-11-09,683428
2009-11-10,680603
2009-11-11,689083
2009-11-12,692855
2009-11-13,690968
2009-11-14,686726
2009-11-15,695213
2009-11-16,695213
2009-11-17,693326
2009-11-18,47884
2009-11-19,696157
2009-11-20,692383
2009-11-21,688140
2009-11-22,687197
2009-11-23,683428
2009-11-24,682957
2009-11-25,686726
2009-11-26,682486
2009-11-27,682016
2009-11-28,682016
2009-11-29,682486
2009-11-30,682486
2009-12-01,686726
2009-12-02,693326
2009-12-03,693326
2009-12-04,692855
2009-12-05,694742
2009-12-06,696629
2009-12-07,692383
2009-12-08,683428
2009-12-09,682016
2009-12-10,678250
2009-12-11,676368
2009-12-12,666965
2009-12-13,661800
2009-12-14,658046
2009-12-15,664147
2009-12-16,661800
2009-12-17,655232
2009-12-18,651013
2009-12-19,652419
2009-12-20,653825
2009-12-21,654294
2009-12-22,658046
2009-12-23,653825
2009-12-24,646797
2009-12-25,649139
2009-12-26,645393
2009-12-27,631364
2009-12-28,624829
2009-12-29,631364
2009-12-30,637439
2009-12-31,641181
2010-01-01,636037
2010-01-02,645393
2010-01-03,643520
2010-01-04,649607
2010-01-05,657577
2010-01-06,657108
2010-01-07,655232
2010-01-08,650076
2010-01-09,652888
2010-01-10,655701
2010-01-11,651013
2010-01-12,651482
2010-01-13,652419
2010-01-14,652888
2010-01-15,44813
2010-01-16,44813
2010-01-17,652888
2010-01-18,650544
2010-01-19,651013
2010-01-20,642116
2010-01-21,638374
2010-01-22,638374
2010-01-23,640713
2010-01-24,636504
2010-01-25,43457
2010-01-26,629029
2010-01-27,632766
2010-01-28,636037
2010-01-29,636504
2010-01-30,645861
2010-01-31,651482
2010-02-01,651013
2010-02-02,44813
2010-02-03,649139
2010-02-04,641181
2010-02-05,635102
2010-02-06,637439
2010-02-07,641649
2010-02-08,632766
2010-02-09,633700
2010-02-10,636972
2010-02-11,43457
2010-02-12,636972
2010-02-13,630897
2010-02-14,638842
2010-02-15,640245
2010-02-16,636972
2010-02-17,636504
2010-02-18,635102
2010-02-19,640713
2010-02-20,637439
2010-02-21,43796
2010-02-22,636972
2010-02-23,638374
2010-02-24,640245
2010-02-25,638374
2010-02-26,634635
2010-02-27,635569
2010-02-28,635569
2010-03-01,636972
2010-03-02,634635
2010-03-03,633700
2010-03-04,42782
2010-03-05,615039
2010-03-06,615505
2010-03-07,615971
2010-03-08,615505
2010-03-09,614108
2010-03-10,613177
2010-03-11,610849
2010-03-12,612711
2010-03-13,613177
2010-03-14,42444
2010-03-15,616437
2010-03-16,613177
2010-03-17,616437
2010-03-18,625762
2010-03-19,624829
2010-03-20,621098
2010-03-21,617835
2010-03-22,628096
2010-03-23,629963
2010-03-24,633700
2010-03-25,635569
2010-03-26,638842
2010-03-27,636037
2010-03-28,640245
2010-03-29,44134
2010-03-30,640245
2010-03-31,638842
2010-04-01,44134
2010-04-02,644925
2010-04-03,645861
2010-04-04,646797
2010-04-05,649139
2010-04-06,650544
2010-04-07,648202
2010-04-08,649607
2010-04-09,648202
2010-04-10,650544
2010-04-11,651013
2010-04-12,649139
2010-04-13,647734
2010-04-14,647734
2010-04-15,647734
2010-04-16,648671
2010-04-17,649139
2010-04-18,648671
2010-04-19,647734
2010-04-20,651013
2010-04-21,44813
2010-04-22,650544
2010-04-23,647734
2010-04-24,43796
2010-04-25,43796
2010-04-26,640245
2010-04-27,643052
2010-04-28,638842
2010-04-29,44134
2010-04-30,636037
2010-05-01,43457
2010-05-02,631364
2010-05-03,627162
2010-05-04,631364
2010-05-05,629029
2010-05-06,43119
2010-05-07,625296
2010-05-08,620631
2010-05-09,620165
2010-05-10,620631
2010-05-11,622030
2010-05-12,621098
2010-05-13,622030
2010-05-14,616437
2010-05-15,625296
2010-05-16,625762
2010-05-17,623429
2010-05-18,626695
2010-05-19,629029
2010-05-20,631364
2010-05-21,629963
2010-05-22,627629
2010-05-23,624829
2010-05-24,624362
2010-05-25,621098
2010-05-26,620165
2010-05-27,610849
2010-05-28,609453
2010-05-29,603872
2010-05-30,601083
2010-05-31,41099
2010-06-01,599225
2010-06-02,594582
2010-06-03,594582
2010-06-04,598296
2010-06-05,595510
2010-06-06,584381
2010-06-07,567729
2010-06-08,556196
2010-06-09,565420
2010-06-10,565420
2010-06-11,573736
2010-06-12,571887
2010-06-13,574198
2010-06-14,561728
2010-06-15,566805
2010-06-16,561728
2010-06-17,568653
2010-06-18,576048
2010-06-19,570963
2010-06-20,571425
2010-06-21,576974
2010-06-22,570963
2010-06-23,564497
2010-06-24,560806
2010-06-25,573736
2010-06-26,558500
2010-06-27,556196
2010-06-28,560806
2010-06-29,559422
2010-06-30,557117
2010-07-01,560806
2010-07-02,39092
2010-07-03,569115
2010-07-04,570039
2010-07-05,38426
2010-07-06,564035
2010-07-07,37762
2010-07-08,552050
2010-07-09,548368
2010-07-10,559422
2010-07-11,556656
2010-07-12,556656
2010-07-13,553431
2010-07-14,558039
2010-07-15,557117
2010-07-16,561728
2010-07-17,38426
2010-07-18,558500
2010-07-19,556196
2010-07-20,553892
2010-07-21,555274
2010-07-22,551589
2010-07-23,555735
2010-07-24,564497
2010-07-25,581602
2010-07-26,589943
2010-07-27,589015
2010-07-28,584844
2010-07-29,585307
2010-07-30,594582
2010-07-31,40094
2010-08-01,40094
2010-08-02,589943
2010-08-03,586234
2010-08-04,570039
2010-08-05,558500
2010-08-06,562651
2010-08-07,574661
2010-08-08,576511
2010-08-09,576974
2010-08-10,570501
2010-08-11,575586
2010-08-12,570501
2010-08-13,575123
2010-08-14,570039
2010-08-15,568653
2010-08-16,570963
2010-08-17,568653
2010-08-18,574198
2010-08-19,569115
2010-08-20,570039
2010-08-21,565420
2010-08-22,564497
2010-08-23,567729
2010-08-24,562651
2010-08-25,564959
2010-08-26,560806
2010-08-27,569115
2010-08-28,560806
2010-08-29,560806
2010-08-30,559422
2010-08-31,38094
2010-09-01,559883
2010-09-02,564959
2010-09-03,566805
2010-09-04,570039
2010-09-05,569577
2010-09-06,564497
2010-09-07,564497
2010-09-08,565882
2010-09-09,562651
2010-09-10,562190
2010-09-11,38094
2010-09-12,562190
2010-09-13,560806
2010-09-14,565882
2010-09-15,562651
2010-09-16,559883
2010-09-17,38094
2010-09-18,561267
2010-09-19,559883
2010-09-20,567729
2010-09-21,38426
2010-09-22,565420
2010-09-23,570963
2010-09-24,39092
2010-09-25,571425
2010-09-26,578362
2010-09-27,584381
2010-09-28,584844
2010-09-29,602477
2010-09-30,602942
2010-10-01,604336
2010-10-02,602012
2010-10-03,601548
2010-10-04,607127
2010-10-05,606196
2010-10-06,603872
2010-10-07,604801
2010-10-08,597367
2010-10-09,601548
2010-10-10,603407
2010-10-11,599689
2010-10-12,598760
2010-10-13,597367
2010-10-14,604801
2010-10-15,603407
2010-10-16,41435
2010-10-17,601548
2010-10-18,601083
2010-10-19,611314
2010-10-20,607592
2010-10-21,608987
2010-10-22,608057
2010-10-23,607592
2010-10-24,599225
2010-10-25,584381
2010-10-26,573274
2010-10-27,581139
2010-10-28,585771
2010-10-29,580676
2010-10-30,578362
2010-10-31,39759
2010-11-01,581602
2010-11-02,587161
2010-11-03,583454
2010-11-04,580676
2010-11-05,580213
2010-11-06,576974
2010-11-07,580213
2010-11-08,578362
2010-11-09,582528
2010-11-10,577899
2010-11-11,575123
2010-11-12,578362
2010-11-13,573274
2010-11-14,567729
2010-11-15,561728
2010-11-16,562190
2010-11-17,565420
2010-11-18,569577
2010-11-19,568653
2010-11-20,570039
2010-11-21,571425
2010-11-22,575123
2010-11-23,576511
2010-11-24,575123
2010-11-25,574661
2010-11-26,576511
2010-11-27,576511
2010-11-28,573736
2010-11-29,574198
2010-11-30,576974
2010-12-01,574661
2010-12-02,569577
2010-12-03,39092
2010-12-04,569115
2010-12-05,39092
2010-12-06,39092
2010-12-07,570963
2010-12-08,576511
2010-12-09,585307
2010-12-10,582991
2010-12-11,584844
2010-12-12,589943
2010-12-13,588552
2010-12-14,586234
2010-12-15,585307
2010-12-16,589015
2010-12-17,588552
2010-12-18,589943
2010-12-19,588552
2010-12-20,590870
2010-12-21,591798
2010-12-22,587161
2010-12-23,588088
2010-12-24,582528
2010-12-25,586234
2010-12-26,587624
2010-12-27,40094
2010-12-28,586234
2010-12-29,583917
2010-12-30,582528
2010-12-31,587624
2011-01-01,584381
2011-01-02,584381
2011-01-03,587161
2011-01-04,593190
2011-01-05,586234
2011-01-06,40094
2011-01-07,587624
2011-01-08,587161
2011-01-09,40094
2011-01-10,587161
2011-01-11,595510
2011-01-12,598760
2011-01-13,41099
2011-01-14,606196
2011-01-15,603872
2011-01-16,606196
2011-01-17,607592
2011-01-18,608987
2011-01-19,610384
2011-01-20,607592
2011-01-21,609453
2011-01-22,41771
2011-01-23,611314
2011-01-24,608057
2011-01-25,598760
2011-01-26,602012
2011-01-27,604801
2011-01-28,603407
2011-01-29,604801
2011-01-30,602012
2011-01-31,604336
2011-02-01,599225
2011-02-02,41099
2011-02-03,40763
2011-02-04,592726
2011-02-05,593190
2011-02-06,591798
2011-02-07,589015
2011-02-08,590406
2011-02-09,591798
2011-02-10,598760
2011-02-11,41099
2011-02-12,604801
2011-02-13,603872
2011-02-14,602942
2011-02-15,603407
2011-02-16,604801
2011-02-17,608987
2011-02-18,605731
2011-02-19,604336
2011-02-20,602942
2011-02-21,602477
2011-02-22,602477
2011-02-23,603872
2011-02-24,603407
2011-02-25,602012
2011-02-26,604336
2011-02-27,603872
2011-02-28,604801
2011-03-01,603872
2011-03-02,608522
2011-03-03,603407
2011-03-04,603872
2011-03-05,606662
2011-03-06,605731
2011-03-07,41435
2011-03-08,605731
2011-03-09,607127
2011-03-10,603872
2011-03-11,611314
2011-03-12,615039
2011-03-13,615971
2011-03-14,616437
2011-03-15,619699
2011-03-16,619699
2011-03-17,617835
2011-03-18,618301
2011-03-19,617835
2011-03-20,622030
2011-03-21,623429
2011-03-22,624829
2011-03-23,628096
2011-03-24,628096
2011-03-25,625296
2011-03-26,43119
2011-03-27,630897
2011-03-28,43119
2011-03-29,627162
2011-03-30,627162
2011-03-31,624829
2011-04-01,622030
2011-04-02,622497
2011-04-03,627629
2011-04-04,629496
2011-04-05,630897
2011-04-06,629496
2011-04-07,630897
2011-04-08,627629
2011-04-09,630430
2011-04-10,634167
2011-04-11,43457
2011-04-12,633700
2011-04-13,635102
2011-04-14,636972
2011-04-15,635569
2011-04-16,629963
2011-04-17,627162
2011-04-18,628096
2011-04-19,629963
2011-04-20,629029
2011-04-21,629963
2011-04-22,630430
2011-04-23,630430
2011-04-24,631831
2011-04-25,631364
2011-04-26,629963
2011-04-27,626229
2011-04-28,622497
2011-04-29,622030
2011-04-30,624362
2011-05-01,625296
2011-05-02,629496
2011-05-03,43119
2011-05-04,43119
2011-05-05,627629
2011-05-06,624829
2011-05-07,624362
2011-05-08,625762
2011-05-09,626695
2011-05-10,625296
2011-05-11,629496
2011-05-12,628096
2011-05-13,626229
2011-05-14,626695
2011-05-15,624362
2011-05-16,624829
2011-05-17,42782
2011-05-18,41771
2011-05-19,607592
2011-05-20,608057
2011-05-21,609453
2011-05-22,607127
2011-05-23,41771
2011-05-24,41771
2011-05-25,41435
2011-05-26,606662
2011-05-27,41435
2011-05-28,604801
2011-05-29,602012
2011-05-30,602477
2011-05-31,604336
2011-06-01,606662
2011-06-02,606662
2011-06-03,607592
2011-06-04,607127
2011-06-05,604801
2011-06-06,603872
2011-06-07,603407
2011-06-08,608522
2011-06-09,608057
2011-06-10,611780
2011-06-11,608522
2011-06-12,609453
2011-06-13,606662
2011-06-14,610384
2011-06-15,607592
2011-06-16,41435
2011-06-17,604801
2011-06-18,603407
2011-06-19,606196
2011-06-20,41435
2011-06-21,607127
2011-06-22,606662
2011-06-23,607592
2011-06-24,610849
2011-06-25,611780
2011-06-26,618301
2011-06-27,618767
2011-06-28,621564
2011-06-29,620165
2011-06-30,619699
2011-07-01,622030
2011-07-02,42444
2011-07-03,621564
2011-07-04,621564
2011-07-05,619699
2011-07-06,621098
2011-07-07,620165
2011-07-08,625296
2011-07-09,626229
2011-07-10,627162
2011-07-11,626695
2011-07-12,627629
2011-07-13,628096
2011-07-14,43119
2011-07-15,629029
2011-07-16,627162
2011-07-17,628096
2011-07-18,43119
2011-07-19,629029
2011-07-20,43457
2011-07-21,632299
2011-07-22,635102
2011-07-23,634167
2011-07-24,631364
2011-07-25,630897
2011-07-26,625296
2011-07-27,624829
2011-07-28,42782
2011-07-29,622963
2011-07-30,618767
2011-07-31,42444
2011-08-01,621098
2011-08-02,621564
2011-08-03,621098
2011-08-04,624362
2011-08-05,622963
2011-08-06,617835
2011-08-07,617369
2011-08-08,615039
2011-08-09,616903
2011-08-10,42444
2011-08-11,618767
2011-08-12,615039
2011-08-13,616437
2011-08-14,612711
2011-08-15,613642
2011-08-16,616903
2011-08-17,624829
2011-08-18,626229
2011-08-19,628096
2011-08-20,632299
2011-08-21,635102
2011-08-22,645393
2011-08-23,643988
2011-08-24,639310
2011-08-25,636504
2011-08-26,641181
2011-08-27,639777
2011-08-28,637439
2011-08-29,635102
2011-08-30,636037
2011-08-31,639310
2011-09-01,636037
2011-09-02,639777
2011-09-03,641181
2011-09-04,638374
2011-09-05,641181
2011-09-06,640713
2011-09-07,641181
2011-09-08,640713
2011-09-09,641649
2011-09-10,632766
2011-09-11,633700
2011-09-12,643988
2011-09-13,645861
2011-09-14,643988
2011-09-15,650544
2011-09-16,651013
2011-09-17,654763
2011-09-18,657108
2011-09-19,658984
2011-09-20,657577
2011-09-21,658984
2011-09-22,666965
2011-09-23,672605
2011-09-24,678720
2011-09-25,680603
2011-09-26,46516
2011-09-27,681074
2011-09-28,684370
2011-09-29,681545
2011-09-30,679191
2011-10-01,678250
2011-10-02,46857
2011-10-03,682016
2011-10-04,683899
2011-10-05,685784
2011-10-06,696629
2011-10-07,687669
2011-10-08,695685
2011-10-09,701822
2011-10-10,702294
2011-10-11,701822
2011-10-12,703239
2011-10-13,707019
2011-10-14,701822
2011-10-15,703239
2011-10-16,695685
2011-10-17,697573
2011-10-18,702294
2011-10-19,703239
2011-10-20,702294
2011-10-21,707019
2011-10-22,714586
2011-10-23,714586
2011-10-24,716479
2011-10-25,717426
2011-10-26,709856
2011-10-27,710329
2011-10-28,709383
2011-10-29,711275
2011-10-30,706547
2011-10-31,48570
2011-11-01,695685
2011-11-02,700405
2011-11-03,703239
2011-11-04,702767
2011-11-05,702767
2011-11-06,704656
2011-11-07,704656
2011-11-08,696629
2011-11-09,698517
2011-11-10,693326
2011-11-11,694742
2011-11-12,696629
2011-11-13,693798
2011-11-14,48227
2011-11-15,712694
2011-11-16,714113
2011-11-17,719793
2011-11-18,716952
2011-11-19,719793
2011-11-20,720266
2011-11-21,724530
2011-11-22,722161
2011-11-23,720266
2011-11-24,714586
2011-11-25,709856
2011-11-26,715532
2011-11-27,714113
2011-11-28,716479
2011-11-29,720266
2011-11-30,722161
2011-12-01,719319
2011-12-02,724056
2011-12-03,718372
2011-12-04,721214
2011-12-05,723582
2011-12-06,719319
2011-12-07,718846
2011-12-08,712221
2011-12-09,48570
2011-12-10,710329
2011-12-11,707019
2011-12-12,2698
2011-12-13,707965
2011-12-14,705129
2011-12-15,713640
2011-12-16,706547
2011-12-17,704656
2011-12-18,705602
2011-12-19,705129
2011-12-20,707965
2011-12-21,705602
2011-12-22,2698
2011-12-23,712694
2011-12-24,721687
2011-12-25,721687
2011-12-26,723108
2011-12-27,49946
2011-12-28,49946
2011-12-29,712694
2011-12-30,49602
2011-12-31,716479
2012-01-01,720266
2012-01-02,723108
2012-01-03,723108
2012-01-04,724530
2012-01-05,724056
2012-01-06,719793
2012-01-07,49946
2012-01-08,49602
2012-01-09,720740
2012-01-10,720740
2012-01-11,721214
2012-01-12,726426
2012-01-13,729270
2012-01-14,728322
2012-01-15,733539
2012-01-16,50637
2012-01-17,731641
2012-01-18,736387
2012-01-19,737811
2012-01-20,733065
2012-01-21,51328
2012-01-22,750641
2012-01-23,757302
2012-01-24,755398
2012-01-25,752068
2012-01-26,750641
2012-01-27,753495
2012-01-28,764923
2012-01-29,767306
2012-01-30,53410
2012-01-31,772552
2012-02-01,778756
2012-02-02,771121
2012-02-03,773506
2012-02-04,773983
2012-02-05,786876
2012-02-06,786876
2012-02-07,794527
2012-02-08,793570
2012-02-09,54804
2012-02-10,777801
2012-02-11,783054
2012-02-12,788310
2012-02-13,772552
2012-02-14,775892
2012-02-15,767306
2012-02-16,767306
2012-02-17,775892
2012-02-18,782576
2012-02-19,776369
2012-02-20,763017
2012-02-21,765876
2012-02-22,754447
2012-02-23,52715
2012-02-24,754922
2012-02-25,758254
2012-02-26,771598
2012-02-27,763017
2012-02-28,764446
2012-02-29,2915
2012-03-01,759683
2012-03-02,761588
2012-03-03,754922
2012-03-04,747312
2012-03-05,742560
2012-03-06,50982
2012-03-07,740660
2012-03-08,742560
2012-03-09,745411
2012-03-10,742560
2012-03-11,753971
2012-03-12,753971
2012-03-13,744460
2012-03-14,741135
2012-03-15,737811
2012-03-16,735912
2012-03-17,740185
2012-03-18,743985
2012-03-19,742560
2012-03-20,736387
2012-03-21,738285
2012-03-22,734014
2012-03-23,733539
2012-03-24,729270
2012-03-25,733539
2012-03-26,734488
2012-03-27,50637
2012-03-28,729744
2012-03-29,743035
2012-03-30,742560
2012-03-31,750641
2012-04-01,748263
2012-04-02,743035
2012-04-03,743510
2012-04-04,738285
2012-04-05,722161
2012-04-06,725952
2012-04-07,720740
2012-04-08,718846
2012-04-09,725952
2012-04-10,719793
2012-04-11,718846
2012-04-12,49602
2012-04-13,712221
2012-04-14,714113
2012-04-15,719793
2012-04-16,718372
2012-04-17,723582
2012-04-18,724530
2012-04-19,720266
2012-04-20,725004
2012-04-21,724530
2012-04-22,730693
2012-04-23,725952
2012-04-24,729270
2012-04-25,737336
2012-04-26,739235
2012-04-27,744936
2012-04-28,743985
2012-04-29,51328
2012-04-30,742085
2012-05-01,747312
2012-05-02,749690
2012-05-03,752068
2012-05-04,748738
2012-05-05,51328
2012-05-06,743035
2012-05-07,742560
2012-05-08,748263
2012-05-09,51328
2012-05-10,743985
2012-05-11,741135
2012-05-12,51674
2012-05-13,743510
2012-05-14,743035
2012-05-15,743985
2012-05-16,750165
2012-05-17,752068
2012-05-18,755398
2012-05-19,757302
2012-05-20,766353
2012-05-21,765876
2012-05-22,767306
2012-05-23,53062
2012-05-24,764446
2012-05-25,764446
2012-05-26,53062
2012-05-27,766829
2012-05-28,770644
2012-05-29,770644
2012-05-30,776369
2012-05-31,769213
2012-06-01,757302
2012-06-02,746837
2012-06-03,753019
2012-06-04,52021
2012-06-05,759207
2012-06-06,765876
2012-06-07,771121
2012-06-08,765876
2012-06-09,763970
2012-06-10,756350
2012-06-11,750165
2012-06-12,757778
2012-06-13,763494
2012-06-14,761588
2012-06-15,764923
2012-06-16,760159
2012-06-17,767306
2012-06-18,768736
2012-06-19,53062
2012-06-20,767306
2012-06-21,766829
2012-06-22,752068
2012-06-23,2915
2012-06-24,761588
2012-06-25,761588
2012-06-26,762541
2012-06-27,762064
2012-06-28,760159
2012-06-29,763017
2012-06-30,768260
2012-07-01,773029
2012-07-02,769690
2012-07-03,771121
2012-07-04,772552
2012-07-05,768736
2012-07-06,53062
2012-07-07,765876
2012-07-08,764446
2012-07-09,769690
2012-07-10,53410
2012-07-11,771598
2012-07-12,768736
2012-07-13,769213
2012-07-14,769213
2012-07-15,766353
2012-07-16,768736
2012-07-17,778278
2012-07-18,54106
2012-07-19,781621
2012-07-20,780666
2012-07-21,780666
2012-07-22,776369
2012-07-23,775414
2012-07-24,765876
2012-07-25,53062
2012-07-26,767306
2012-07-27,767306
2012-07-28,757778
2012-07-29,755398
2012-07-30,759207
2012-07-31,760159
2012-08-01,755398
2012-08-02,750641
2012-08-03,752068
2012-08-04,756350
2012-08-05,752068
2012-08-06,750165
2012-08-07,753019
2012-08-08,753495
2012-08-09,753019
2012-08-10,745411
2012-08-11,51674
2012-08-12,742560
2012-08-13,739710
2012-08-14,738760
2012-08-15,742085
2012-08-16,51674
2012-08-17,743985
2012-08-18,745411
2012-08-19,747312
2012-08-20,749214
2012-08-21,749690
2012-08-22,748263
2012-08-23,51328
2012-08-24,736387
2012-08-25,736387
2012-08-26,740660
2012-08-27,747312
2012-08-28,747312
2012-08-29,748263
2012-08-30,745886
2012-08-31,746837
2012-09-01,743035
2012-09-02,739235
2012-09-03,743985
2012-09-04,51674
2012-09-05,746837
2012-09-06,754447
2012-09-07,757778
2012-09-08,758254
2012-09-09,762541
2012-09-10,754922
2012-09-11,749690
2012-09-12,752543
2012-09-13,749214
2012-09-14,753019
2012-09-15,757302
2012-09-16,756350
2012-09-17,753971
2012-09-18,762064
2012-09-19,762541
2012-09-20,757302
2012-09-21,763970
2012-09-22,766829
2012-09-23,764923
2012-09-24,761588
2012-09-25,763017
2012-09-26,764446
2012-09-27,770644
2012-09-28,764923
2012-09-29,2915
2012-09-30,756826
2012-10-01,756350
2012-10-02,52021
2012-10-03,748263
2012-10-04,51674
2012-10-05,52021
2012-10-06,750165
2012-10-07,752068
2012-10-08,745886
2012-10-09,748263
2012-10-10,743035
2012-10-11,743510
2012-10-12,744460
2012-10-13,745886
2012-10-14,748263
2012-10-15,51674
2012-10-16,742560
2012-10-17,740660
2012-10-18,51674
2012-10-19,746837
2012-10-20,746837
2012-10-21,743985
2012-10-22,748738
2012-10-23,757778
2012-10-24,752543
2012-10-25,755398
2012-10-26,754922
2012-10-27,754922
2012-10-28,754447
2012-10-29,753495
2012-10-30,755398
2012-10-31,759207
2012-11-01,754922
2012-11-02,742560
2012-11-03,735912
2012-11-04,50637
2012-11-05,732590
2012-11-06,721687
2012-11-07,725004
2012-11-08,720740
2012-11-09,720740
2012-11-10,704656
2012-11-11,703239
2012-11-12,709383
2012-11-13,48570
2012-11-14,704656
2012-11-15,701350
2012-11-16,703239
2012-11-17,699461
2012-11-18,700405
2012-11-19,702294
2012-11-20,698045
2012-11-21,695685
2012-11-22,698045
2012-11-23,696629
2012-11-24,47884
2012-11-25,47199
2012-11-26,681545
2012-11-27,677779
2012-11-28,677309
2012-11-29,667905
2012-11-30,664147
2012-12-01,676838
2012-12-02,679191
2012-12-03,680603
2012-12-04,673545
2012-12-05,670254
2012-12-06,674486
2012-12-07,681545
2012-12-08,682016
2012-12-09,680603
2012-12-10,678720
2012-12-11,685313
2012-12-12,686726
2012-12-13,686726
2012-12-14,686726
2012-12-15,688140
2012-12-16,686255
2012-12-17,47541
2012-12-18,692855
2012-12-19,688140
2012-12-20,693798
2012-12-21,704184
2012-12-22,702294
2012-12-23,705129
2012-12-24,703239
2012-12-25,692855
2012-12-26,47884
2012-12-27,47884
2012-12-28,701350
2012-12-29,703239
2012-12-30,711275
2012-12-31,711748
2013-01-01,824726
2013-01-02,832895
2013-01-03,833856
2013-01-04,843478
2013-01-05,855039
2013-01-06,860826
2013-01-07,855039
2013-01-08,59014
2013-01-09,860826
2013-01-10,841553
2013-01-11,848293
2013-01-12,839147
2013-01-13,830972
2013-01-14,829050
2013-01-15,824246
2013-01-16,824246
2013-01-17,830011
2013-01-18,828569
2013-01-19,839147
2013-01-20,839628
2013-01-21,822325
2013-01-22,820405
2013-01-23,826647
2013-01-24,833856
2013-01-25,841553
2013-01-26,844441
2013-01-27,852148
2013-01-28,848293
2013-01-29,852148
2013-01-30,855039
2013-01-31,856004
2013-02-01,78
2013-02-02,848775
2013-02-03,863721
2013-02-04,868548
2013-02-05,876760
2013-02-06,885947
2013-02-07,892723
2013-02-08,897082
2013-02-09,915510
2013-02-10,910171
2013-02-11,916966
2013-02-12,906776
2013-02-13,922308
2013-02-14,919880
2013-02-15,918423
2013-02-16,923280
2013-02-17,64690
2013-02-18,67195
2013-02-19,946631
2013-02-20,942735
2013-02-21,915510
2013-02-22,898051
2013-02-23,905806
2013-02-24,907746
2013-02-25,903382
2013-02-26,907746
2013-02-27,915024
2013-02-28,925224
2013-03-01,925710
2013-03-02,918423
2013-03-03,918908
2013-03-04,917452
2013-03-05,904352
2013-03-06,903867
2013-03-07,907746
2013-03-08,906291
2013-03-09,63265
2013-03-10,896113
2013-03-11,894176
2013-03-12,878693
2013-03-13,61134
2013-03-14,884496
2013-03-15,893692
2013-03-16,891271
2013-03-17,893208
2013-03-18,906291
2013-03-19,912112
2013-03-20,899020
2013-03-21,905321
2013-03-22,899020
2013-03-23,905806
2013-03-24,913083
2013-03-25,927654
2013-03-26,909201
2013-03-27,915995
2013-03-28,921337
2013-03-29,925710
2013-03-30,934948
2013-03-31,932030
2013-04-01,938354
2013-04-02,942735
2013-04-03,66120
2013-04-04,941274
2013-04-05,939814
2013-04-06,930571
2013-04-07,936408
2013-04-08,937867
2013-04-09,939814
2013-04-10,942248
2013-04-11,954915
2013-04-12,953940
2013-04-13,950041
2013-04-14,970529
2013-04-15,980789
2013-04-16,976879
2013-04-17,985190
2013-04-18,975414
2013-04-19,989593
2013-04-20,995466
2013-04-21,995466
2013-04-22,1002813
2013-04-23,1001833
2013-04-24,999873
2013-04-25,1001833
2013-04-26,996445
2013-04-27,1008694
2013-04-28,1005263
2013-04-29,1014088
2013-04-30,1019976
2013-05-01,1009674
2013-05-02,71156
2013-05-03,1014579
2013-05-04,1032253
2013-05-05,1027340
2013-05-06,1053405
2013-05-07,1051928
2013-05-08,1048974
2013-05-09,1047990
2013-05-10,1032745
2013-05-11,1048974
2013-05-12,1044053
2013-05-13,1019976
2013-05-14,1020957
2013-05-15,1021448
2013-05-16,1032745
2013-05-17,1035693
2013-05-18,1028323
2013-05-19,1024885
2013-05-20,72603
2013-05-21,1043069
2013-05-22,1040610
2013-05-23,1043069
2013-05-24,1043561
2013-05-25,1052912
2013-05-26,1052420
2013-05-27,1054390
2013-05-28,1070653
2013-05-29,1068187
2013-05-30,1083978
2013-05-31,1079040
2013-06-01,1065722
2013-06-02,1057837
2013-06-03,1070160
2013-06-04,1050451
2013-06-05,1051928
2013-06-06,1059808
2013-06-07,1069666
2013-06-08,76239
2013-06-09,1066708
2013-06-10,1069173
2013-06-11,1065229
2013-06-12,1064243
2013-06-13,1066708
2013-06-14,1075092
2013-06-15,1074599
2013-06-16,1081509
2013-06-17,1109191
2013-06-18,1113152
2013-06-19,77699
2013-06-20,1106717
2013-06-21,1111667
2013-06-22,1130991
2013-06-23,1125041
2013-06-24,1095341
2013-06-25,1104243
2013-06-26,1109191
2013-06-27,1094353
2013-06-28,1094847
2013-06-29,1094847
2013-06-30,1081509
2013-07-01,1070653
2013-07-02,1082990
2013-07-03,1097813
2013-07-04,1078547
2013-07-05,1083978
2013-07-06,1071639
2013-07-07,1070160
2013-07-08,1074106
2013-07-09,75145
2013-07-10,1059315
2013-07-11,1051928
2013-07-12,1064736
2013-07-13,74782
2013-07-14,1046021
2013-07-15,1047005
2013-07-16,1034710
2013-07-17,1016050
2013-07-18,1000853
2013-07-19,69352
2013-07-20,68992
2013-07-21,67554
2013-07-22,988614
2013-07-23,4040
2013-07-24,1005753
2013-07-25,1008694
2013-07-26,71517
2013-07-27,1002813
2013-07-28,1009674
2013-07-29,1008694
2013-07-30,994487
2013-07-31,960767
2013-08-01,974436
2013-08-02,957841
2013-08-03,951503
2013-08-04,944196
2013-08-05,959304
2013-08-06,959792
2013-08-07,67554
2013-08-08,967111
2013-08-09,964671
2013-08-10,966623
2013-08-11,984212
2013-08-12,988614
2013-08-13,985190
2013-08-14,70433
2013-08-15,1000363
2013-08-16,993018
2013-08-17,68992
2013-08-18,970041
2013-08-19,959792
2013-08-20,954428
2013-08-21,960767
2013-08-22,959304
2013-08-23,951503
2013-08-24,962719
2013-08-25,954428
2013-08-26,959304
2013-08-27,968576
2013-08-28,973948
2013-08-29,966135
2013-08-30,970041
2013-08-31,977368
2013-09-01,974436
2013-09-02,67554
2013-09-03,964183
2013-09-04,956378
2013-09-05,955403
2013-09-06,960280
2013-09-07,957353
2013-09-08,964183
2013-09-09,961743
2013-09-10,968576
2013-09-11,972483
2013-09-12,968576
2013-09-13,974925
2013-09-14,978345
2013-09-15,989104
2013-09-16,981767
2013-09-17,986657
2013-09-18,986168
2013-09-19,993508
2013-09-20,989593
2013-09-21,984212
2013-09-22,985190
2013-09-23,981767
2013-09-24,68992
2013-09-25,983723
2013-09-26,973459
2013-09-27,967111
2013-09-28,968576
2013-09-29,978834
2013-09-30,971017
2013-10-01,978345
2013-10-02,977368
2013-10-03,989593
2013-10-04,991061
2013-10-05,993997
2013-10-06,1000363
2013-10-07,1003303
2013-10-08,996445
2013-10-09,994977
2013-10-10,1001833
2013-10-11,995956
2013-10-12,1001833
2013-10-13,1016050
2013-10-14,1004283
2013-10-15,1008694
2013-10-16,1011145
2013-10-17,1005753
2013-10-18,71879
2013-10-19,1023412
2013-10-20,72241
2013-10-21,1169739
2013-10-22,1184677
2013-10-23,1175712
2013-10-24,1175712
2013-10-25,83576
2013-10-26,1186171
2013-10-27,1193149
2013-10-28,84315
2013-10-29,1207617
2013-10-30,1212610
2013-10-31,1207118
2013-11-01,1200631
2013-11-02,1176210
2013-11-03,1165759
2013-11-04,1162775
2013-11-05,1173223
2013-11-06,1162775
2013-11-07,1159791
2013-11-08,1163272
2013-11-09,82470
2013-11-10,1176707
2013-11-11,83945
2013-11-12,1189161
2013-11-13,1193648
2013-11-14,1193149
2013-11-15,1193149
2013-11-16,1185673
2013-11-17,1189161
2013-11-18,1183680
2013-11-19,1181687
2013-11-20,1175712
2013-11-21,83945
2013-11-22,1188663
2013-11-23,83945
2013-11-24,1178699
2013-11-25,1174218
2013-11-26,1179695
2013-11-27,1178699
2013-11-28,1186670
2013-11-29,1171730
2013-11-30,1168246
2013-12-01,1170734
2013-12-02,1168246
2013-12-03,1165759
2013-12-04,1161283
2013-12-05,1156809
2013-12-06,1159294
2013-12-07,1143396
2013-12-08,1135951
2013-12-09,1129008
2013-12-10,1138929
2013-12-11,1152336
2013-12-12,1147865
2013-12-13,1154324
2013-12-14,1146872
2013-12-15,1137440
2013-12-16,1137936
2013-12-17,1139921
2013-12-18,1136944
2013-12-19,81366
2013-12-20,1147368
2013-12-21,1154324
2013-12-22,1154820
2013-12-23,1155814
2013-12-24,1161283
2013-12-25,1172725
2013-12-26,1167749
2013-12-27,1174716
2013-12-28,1180691
2013-12-29,83945
2013-12-30,1179197
2013-12-31,1174218
